,sku,id,lineId,imageSmallUrl,originalImage,productName,brandName,price,discountPrice,discountPercent,revertPriceText,links,mainColor,masterCategoryName,subCategoryName,exclusiveToKoovs,merchantDetails,isSkuOutOfStock,isProductOutOfStock,hasLooksAvailable,isTrending,url_given,PAGE_URL_COMPLETE
0,1886230,126990,142251,https://product.koovs.com/142251_3662b9d3fcca4c7781da3da57f3422e6_image1_super_zoom.jpg,https://product.koovs.com/width/height/142251_3662b9d3fcca4c7781da3da57f3422e6_image1_super_zoom.jpg,Pineapple Print Curved Hem Shirt,Brave Soul,1699,759,55,Price After Sale,"[{'href': '/pineapple-print-shirt-126990-142251.html', 'rel': 'self', 'method': 'GET'}]",['Multi'],['Shirts'],['Casual Shirts'],True,INTERNATIONAL BRAND,False,False,False,False,/pineapple-print-shirt-126990-142251.html,www.koovs.com/pineapple-print-shirt-126990-142251.html
1,1938683,137710,154692,https://product.koovs.com/154692_b97df7ea0bb84c47bb108aca44f2f4a8_image1_super_zoom.jpg,https://product.koovs.com/width/height/154692_b97df7ea0bb84c47bb108aca44f2f4a8_image1_super_zoom.jpg,Vertical Stripe Cuban Collar Shirt,KOOVS,1299,1299,0,Price After Sale,"[{'href': '/koovs-vertical-stripe-cuban-shirt-137710-154692.html', 'rel': 'self', 'method': 'GET'}]",['Multi'],['Shirts'],['Casual Shirts'],False,,False,False,False,False,/koovs-vertical-stripe-cuban-shirt-137710-154692.html,www.koovs.com/koovs-vertical-stripe-cuban-shirt-137710-154692.html
2,1937982,137572,154539,https://product.koovs.com/154539_663c4b964e1a4676903fc4bdd33a5f13_image1_super_zoom.jpg,https://product.koovs.com/width/height/154539_663c4b964e1a4676903fc4bdd33a5f13_image1_super_zoom.jpg,Vertical Stripe Cuban Collar Shirt,KOOVS,999,999,0,Price After Sale,"[{'href': '/koovs-vertical-stripe-cuban-shirt-137572-154539.html', 'rel': 'self', 'method': 'GET'}]",['Multi'],['Shirts'],['Casual Shirts'],False,,False,False,False,False,/koovs-vertical-stripe-cuban-shirt-137572-154539.html,www.koovs.com/koovs-vertical-stripe-cuban-shirt-137572-154539.html
3,1937978,137571,154538,https://product.koovs.com/154538_89451c7c75944e6ea07cffa2497a7fcc_image1_super_zoom.jpg,https://product.koovs.com/width/height/154538_89451c7c75944e6ea07cffa2497a7fcc_image1_super_zoom.jpg,Check Print Cuban Collar Shirt,KOOVS,999,999,0,Price After Sale,"[{'href': '/koovs-check-cuban-collar-shirt-137571-154538.html', 'rel': 'self', 'method': 'GET'}]",['Multi'],['Shirts'],['Casual Shirts'],False,,False,False,False,False,/koovs-check-cuban-collar-shirt-137571-154538.html,www.koovs.com/koovs-check-cuban-collar-shirt-137571-154538.html
4,1937971,137569,154536,https://product.koovs.com/154536_294eacb853424281853fa02a46cb6de9_image1_super_zoom.jpg,https://product.koovs.com/width/height/154536_294eacb853424281853fa02a46cb6de9_image1_super_zoom.jpg,Back Text Placement Print Check Shirt,KOOVS,1299,1299,0,Price After Sale,"[{'href': '/koovs-back-print-check-shirt-137569-154536.html', 'rel': 'self', 'method': 'GET'}]",['Multi'],['Shirts'],['Casual Shirts'],False,,False,False,False,False,/koovs-back-print-check-shirt-137569-154536.html,www.koovs.com/koovs-back-print-check-shirt-137569-154536.html
5,1937251,137411,154378,https://product.koovs.com/154378_a00ba979d98848e6a87ec72f6feb66b1_image1_super_zoom.jpg,https://product.koovs.com/width/height/154378_a00ba979d98848e6a87ec72f6feb66b1_image1_super_zoom.jpg,Scribble Print Long Sleeve Shirt,KOOVS,1499,1499,0,Price After Sale,"[{'href': '/koovs-scribble-print-shirt-137411-154378.html', 'rel': 'self', 'method': 'GET'}]",['Pink'],['Shirts'],['Casual Shirts'],False,,False,False,False,False,/koovs-scribble-print-shirt-137411-154378.html,www.koovs.com/koovs-scribble-print-shirt-137411-154378.html
6,1937236,137408,154375,https://product.koovs.com/154375_776e7476eefe4b359e8a36172717504b_image1_super_zoom.jpg,https://product.koovs.com/width/height/154375_776e7476eefe4b359e8a36172717504b_image1_super_zoom.jpg,Lip Print Cuban Collar Shirt,KOOVS,1299,1299,0,Price After Sale,"[{'href': '/koovs-lip-print-shirt-137408-154375.html', 'rel': 'self', 'method': 'GET'}]",['Black'],['Shirts'],['Casual Shirts'],False,,False,False,False,False,/koovs-lip-print-shirt-137408-154375.html,www.koovs.com/koovs-lip-print-shirt-137408-154375.html
7,1937230,137407,154374,https://product.koovs.com/154374_caf2c0acd53d450ba6f2b34c6b2392cb_image1_super_zoom.jpg,https://product.koovs.com/width/height/154374_caf2c0acd53d450ba6f2b34c6b2392cb_image1_super_zoom.jpg,Island Print Cuban Collar Shirt,KOOVS,1299,1299,0,Price After Sale,"[{'href': '/koovs-all-over-print-shirt-137407-154374.html', 'rel': 'self', 'method': 'GET'}]",['Pink'],['Shirts'],['Casual Shirts'],False,,False,False,False,False,/koovs-all-over-print-shirt-137407-154374.html,www.koovs.com/koovs-all-over-print-shirt-137407-154374.html
8,1936532,137277,154205,https://product.koovs.com/154205_8f760cce786a4a9481168c30b6077a80_image1_super_zoom.jpg,https://product.koovs.com/width/height/154205_8f760cce786a4a9481168c30b6077a80_image1_super_zoom.jpg,Cut & Sew Graffiti Sticker Print Shirt,KOOVS,1299,1299,0,Price After Sale,"[{'href': '/koovs-cut-and-sew-shirt-137277-154205.html', 'rel': 'self', 'method': 'GET'}]",['Multi'],['Shirts'],['Casual Shirts'],False,,False,False,False,False,/koovs-cut-and-sew-shirt-137277-154205.html,www.koovs.com/koovs-cut-and-sew-shirt-137277-154205.html
9,1936346,137246,154171,https://product.koovs.com/154171_fbb4592c54134f1a8196b34a1855f603_image1_super_zoom.jpg,https://product.koovs.com/width/height/154171_fbb4592c54134f1a8196b34a1855f603_image1_super_zoom.jpg,Back Slogan Placement Print Check Shirt,KOOVS,1299,1299,0,Price After Sale,"[{'href': '/koovs-punk-check-shirt-137246-154171.html', 'rel': 'self', 'method': 'GET'}]",['Multi'],['Shirts'],['Casual Shirts'],False,,False,False,False,False,/koovs-punk-check-shirt-137246-154171.html,www.koovs.com/koovs-punk-check-shirt-137246-154171.html
10,1935754,137153,154056,https://product.koovs.com/154056_91efb19837f44cdb87296e099ff29d1f_image1_super_zoom.jpg,https://product.koovs.com/width/height/154056_91efb19837f44cdb87296e099ff29d1f_image1_super_zoom.jpg,Muscle Fit Short Sleeve Shirt,KOOVS,899,899,0,Price After Sale,"[{'href': '/koovs-muscle-fit-short-sleeve-shirt-137153-154056.html', 'rel': 'self', 'method': 'GET'}]",['Blue'],['Shirts'],['Casual Shirts'],False,,False,False,False,False,/koovs-muscle-fit-short-sleeve-shirt-137153-154056.html,www.koovs.com/koovs-muscle-fit-short-sleeve-shirt-137153-154056.html
13,1936564,137283,154211,https://product.koovs.com/154211_91ec6fee21ca468995644359ae6818af_image1_super_zoom.jpg,https://product.koovs.com/width/height/154211_91ec6fee21ca468995644359ae6818af_image1_super_zoom.jpg,Palm Print Cuban Shirt,KOOVS,1299,1299,0,Price After Sale,"[{'href': '/koovs-all-over-print-shirt-137283-154211.html', 'rel': 'self', 'method': 'GET'}]",['Multi'],['Shirts'],['Casual Shirts'],False,,False,False,False,False,/koovs-all-over-print-shirt-137283-154211.html,www.koovs.com/koovs-all-over-print-shirt-137283-154211.html
14,1936551,137281,154209,https://product.koovs.com/154209_83be16ffe12d458799735aff654715b1_image1_super_zoom.jpg,https://product.koovs.com/width/height/154209_83be16ffe12d458799735aff654715b1_image1_super_zoom.jpg,Shark Print Short Sleeve Shirt,KOOVS,1299,1299,0,Price After Sale,"[{'href': '/koovs-shark-print-shirt-137281-154209.html', 'rel': 'self', 'method': 'GET'}]",['Red'],['Shirts'],['Casual Shirts'],False,,False,False,False,False,/koovs-shark-print-shirt-137281-154209.html,www.koovs.com/koovs-shark-print-shirt-137281-154209.html
15,1936568,137284,154212,https://product.koovs.com/154212_c10ca72d7782434ea95d36e200129454_image1_super_zoom.jpg,https://product.koovs.com/width/height/154212_c10ca72d7782434ea95d36e200129454_image1_super_zoom.jpg,Shark Print Short Sleeve Shirt,KOOVS,1299,1299,0,Price After Sale,"[{'href': '/koovs-shark-print-shirt-137284-154212.html', 'rel': 'self', 'method': 'GET'}]",['Blue'],['Shirts'],['Casual Shirts'],False,,False,False,False,False,/koovs-shark-print-shirt-137284-154212.html,www.koovs.com/koovs-shark-print-shirt-137284-154212.html
16,1937405,137445,154412,https://product.koovs.com/154412_1c7190a11b6c4af3bb9ca6b62305b2bc_image1_super_zoom.jpg,https://product.koovs.com/width/height/154412_1c7190a11b6c4af3bb9ca6b62305b2bc_image1_super_zoom.jpg,Vertical Stripe Cuban Collar Shirt,KOOVS,1299,1299,0,Price After Sale,"[{'href': '/koovs-vertical-stripe-shirt-137445-154412.html', 'rel': 'self', 'method': 'GET'}]",['Multi'],['Shirts'],['Casual Shirts'],False,,False,False,False,False,/koovs-vertical-stripe-shirt-137445-154412.html,www.koovs.com/koovs-vertical-stripe-shirt-137445-154412.html
17,1937226,137406,154373,https://product.koovs.com/154373_c335249ee3ed4ef89a472ab41ef68b2e_image1_super_zoom.jpg,https://product.koovs.com/width/height/154373_c335249ee3ed4ef89a472ab41ef68b2e_image1_super_zoom.jpg,Comic Print Short Sleeve Shirt,KOOVS,1299,1299,0,Price After Sale,"[{'href': '/koovs-comic-print-neon-shirt-137406-154373.html', 'rel': 'self', 'method': 'GET'}]",['Multi'],['Shirts'],['Casual Shirts'],False,,False,False,False,False,/koovs-comic-print-neon-shirt-137406-154373.html,www.koovs.com/koovs-comic-print-neon-shirt-137406-154373.html
18,1937238,137409,154376,https://product.koovs.com/154376_1bb39bed41f34e82b2a8048fe25f75a4_image1_super_zoom.jpg,https://product.koovs.com/width/height/154376_1bb39bed41f34e82b2a8048fe25f75a4_image1_super_zoom.jpg,Palm Print Cuban Shirt,KOOVS,1499,1499,0,Price After Sale,"[{'href': '/koovs-all-over-print-shirt-137409-154376.html', 'rel': 'self', 'method': 'GET'}]",['Blue'],['Shirts'],['Casual Shirts'],False,,False,False,False,False,/koovs-all-over-print-shirt-137409-154376.html,www.koovs.com/koovs-all-over-print-shirt-137409-154376.html
19,1936668,137298,154237,https://product.koovs.com/154237_a94d62c012dd4fac891d29ec544d0724_image1_super_zoom.jpg,https://product.koovs.com/width/height/154237_a94d62c012dd4fac891d29ec544d0724_image1_super_zoom.jpg,Yarn-Dyed Vertical Stripe Shirt,Garcon,1299,1299,0,Price After Sale,"[{'href': '/garcon-cotton-jrsy-yarn-dyed-vertical-stripe-tee-137298-154237.html', 'rel': 'self', 'method': 'GET'}]",['Red'],['Shirts'],['Casual Shirts'],True,Koovs Exclusive,False,False,False,False,/garcon-cotton-jrsy-yarn-dyed-vertical-stripe-tee-137298-154237.html,www.koovs.com/garcon-cotton-jrsy-yarn-dyed-vertical-stripe-tee-137298-154237.html
21,1936525,137276,154204,https://product.koovs.com/154204_538ae4b21e284dc9a9fd67914d71efea_image1_super_zoom.jpg,https://product.koovs.com/width/height/154204_538ae4b21e284dc9a9fd67914d71efea_image1_super_zoom.jpg,Glowing Leaf Print Shirt,KOOVS,1299,1299,0,Price After Sale,"[{'href': '/koovs-all-over-print-shirt-137276-154204.html', 'rel': 'self', 'method': 'GET'}]",['Multi'],['Shirts'],['Casual Shirts'],False,,False,False,False,False,/koovs-all-over-print-shirt-137276-154204.html,www.koovs.com/koovs-all-over-print-shirt-137276-154204.html
22,1919916,133906,150291,https://product.koovs.com/150291_8bcd22ef6c904b1c844b7c25d4d92b3d_image1_super_zoom.jpg,https://product.koovs.com/width/height/150291_8bcd22ef6c904b1c844b7c25d4d92b3d_image1_super_zoom.jpg,Half & Half Print Cuban Shirt,Brave Soul,1899,1899,0,Price After Sale,"[{'href': '/bravesoul-half--half-shirt-133906-150291.html', 'rel': 'self', 'method': 'GET'}]",['Multi'],['Shirts'],['Casual Shirts'],True,INTERNATIONAL BRAND,False,False,False,False,/bravesoul-half--half-shirt-133906-150291.html,www.koovs.com/bravesoul-half--half-shirt-133906-150291.html
23,1936537,137278,154206,https://product.koovs.com/154206_9af0dd7651e34ca29c3b24e6a7199e58_image1_super_zoom.jpg,https://product.koovs.com/width/height/154206_9af0dd7651e34ca29c3b24e6a7199e58_image1_super_zoom.jpg,Sticker Print Short Sleeve Shirt,KOOVS,1499,1499,0,Price After Sale,"[{'href': '/koovs-sticker-print-shirt-137278-154206.html', 'rel': 'self', 'method': 'GET'}]",['Multi'],['Shirts'],['Casual Shirts'],False,,False,False,False,False,/koovs-sticker-print-shirt-137278-154206.html,www.koovs.com/koovs-sticker-print-shirt-137278-154206.html
24,1936558,137282,154210,https://product.koovs.com/154210_3f72a2bafbd143b7aa1c632d3f524c96_image1_super_zoom.jpg,https://product.koovs.com/width/height/154210_3f72a2bafbd143b7aa1c632d3f524c96_image1_super_zoom.jpg,Night Club Print Cuban Collar Shirt,KOOVS,1299,1299,0,Price After Sale,"[{'href': '/koovs-all-over-print-shirt-137282-154210.html', 'rel': 'self', 'method': 'GET'}]",['Multi'],['Shirts'],['Casual Shirts'],False,,False,False,False,False,/koovs-all-over-print-shirt-137282-154210.html,www.koovs.com/koovs-all-over-print-shirt-137282-154210.html
25,1935680,137147,154041,https://product.koovs.com/154041_cee9f2cbf21a40bbaaf8569036526ddd_image1_super_zoom.jpg,https://product.koovs.com/width/height/154041_cee9f2cbf21a40bbaaf8569036526ddd_image1_super_zoom.jpg,Short Sleeve Regular Shirt,KOOVS,899,899,0,Price After Sale,"[{'href': '/koovs-classic-fit-short--sleeve-shirt-137147-154041.html', 'rel': 'self', 'method': 'GET'}]",['Yellow'],['Shirts'],['Casual Shirts'],False,,False,False,False,False,/koovs-classic-fit-short--sleeve-shirt-137147-154041.html,www.koovs.com/koovs-classic-fit-short--sleeve-shirt-137147-154041.html
26,1935692,137148,154044,https://product.koovs.com/154044_37cbe4038bbe4f75afe7c08cbae08ff5_image1_super_zoom.jpg,https://product.koovs.com/width/height/154044_37cbe4038bbe4f75afe7c08cbae08ff5_image1_super_zoom.jpg,Long Sleeve Regular Shirt,KOOVS,999,999,0,Price After Sale,"[{'href': '/koovs-classic-fit-long--sleeve-shirt-137148-154044.html', 'rel': 'self', 'method': 'GET'}]",['Green'],['Shirts'],['Casual Shirts'],False,,False,False,False,False,/koovs-classic-fit-long--sleeve-shirt-137148-154044.html,www.koovs.com/koovs-classic-fit-long--sleeve-shirt-137148-154044.html
27,1936328,137243,154168,https://product.koovs.com/154168_ae3a52719dd346beaa319aeb869dd096_image1_super_zoom.jpg,https://product.koovs.com/width/height/154168_ae3a52719dd346beaa319aeb869dd096_image1_super_zoom.jpg,Abstract Print Twin Pocket Shirt,KOOVS,1299,1299,0,Price After Sale,"[{'href': '/koovs-abstract-camo-ss-shirt-137243-154168.html', 'rel': 'self', 'method': 'GET'}]",['Multi'],['Shirts'],['Casual Shirts'],False,,False,False,False,False,/koovs-abstract-camo-ss-shirt-137243-154168.html,www.koovs.com/koovs-abstract-camo-ss-shirt-137243-154168.html
28,1936325,137242,154167,https://product.koovs.com/154167_05630ea51e384222981f7fa7ab6096f4_image1_super_zoom.jpg,https://product.koovs.com/width/height/154167_05630ea51e384222981f7fa7ab6096f4_image1_super_zoom.jpg,Abstract Check Print Cuban Collar Shirt,KOOVS,999,999,0,Price After Sale,"[{'href': '/koovs-abstract-camo-cuban-collar-shirt-137242-154167.html', 'rel': 'self', 'method': 'GET'}]",['Black'],['Shirts'],['Casual Shirts'],False,,False,False,False,False,/koovs-abstract-camo-cuban-collar-shirt-137242-154167.html,www.koovs.com/koovs-abstract-camo-cuban-collar-shirt-137242-154167.html
29,1936310,137238,154164,https://product.koovs.com/154164_b9b19ebaeb004775a809d8d211bf9a9b_image1_super_zoom.jpg,https://product.koovs.com/width/height/154164_b9b19ebaeb004775a809d8d211bf9a9b_image1_super_zoom.jpg,Yarn-Dyed Vertical Stripe Short Sleeve Shirt,Garcon,1299,1299,0,Price After Sale,"[{'href': '/garcon-yarn-dyed-short-sleeve-shirt-137238-154164.html', 'rel': 'self', 'method': 'GET'}]",['Green'],['Shirts'],['Casual Shirts'],True,Koovs Exclusive,False,False,False,False,/garcon-yarn-dyed-short-sleeve-shirt-137238-154164.html,www.koovs.com/garcon-yarn-dyed-short-sleeve-shirt-137238-154164.html
30,1917021,133234,149508,https://product.koovs.com/149508_272cb7d2119e471d94057d34f4527add_image1_super_zoom.jpg,https://product.koovs.com/width/height/149508_272cb7d2119e471d94057d34f4527add_image1_super_zoom.jpg,Twin Pocket Casual Shirt,CHELSEA KING,1999,199,90,Price After Sale,"[{'href': '/chelsea-king-snap-detail-trim-long-sleeve-shirt-336-133234-149508.html', 'rel': 'self', 'method': 'GET'}]",['Green'],['Shirts'],['Casual Shirts'],False,,False,False,False,True,/chelsea-king-snap-detail-trim-long-sleeve-shirt-336-133234-149508.html,www.koovs.com/chelsea-king-snap-detail-trim-long-sleeve-shirt-336-133234-149508.html
31,1917017,133233,149507,https://product.koovs.com/149507_512108ee583e47d687a9421152acbb16_image1_super_zoom.jpg,https://product.koovs.com/width/height/149507_512108ee583e47d687a9421152acbb16_image1_super_zoom.jpg,Twin Pocket Casual Shirt,CHELSEA KING,1999,199,90,Price After Sale,"[{'href': '/chelsea-king-snap-detail-trim-long-sleeve-shirt-133233-149507.html', 'rel': 'self', 'method': 'GET'}]",['Blue'],['Shirts'],['Casual Shirts'],False,,False,False,False,True,/chelsea-king-snap-detail-trim-long-sleeve-shirt-133233-149507.html,www.koovs.com/chelsea-king-snap-detail-trim-long-sleeve-shirt-133233-149507.html
32,1916986,133225,149499,https://product.koovs.com/149499_7e75ab4ad7294f478155a12b9dc75eee_image1_super_zoom.jpg,https://product.koovs.com/width/height/149499_7e75ab4ad7294f478155a12b9dc75eee_image1_super_zoom.jpg,Twin Pocket Washed Jersey Shirt,CHELSEA KING,1899,380,80,Price After Sale,"[{'href': '/chelsea-king-washed-indigo-jersey-long-sleeve-shirt-133225-149499.html', 'rel': 'self', 'method': 'GET'}]",['Blue'],['Shirts'],['Casual Shirts'],False,,False,False,False,False,/chelsea-king-washed-indigo-jersey-long-sleeve-shirt-133225-149499.html,www.koovs.com/chelsea-king-washed-indigo-jersey-long-sleeve-shirt-133225-149499.html
33,1916984,133224,149498,https://product.koovs.com/149498_a5bd7bf454fd4ad7b5136654f26103e1_image1_super_zoom.jpg,https://product.koovs.com/width/height/149498_a5bd7bf454fd4ad7b5136654f26103e1_image1_super_zoom.jpg,Twin Pocket Washed Jersey Shirt,CHELSEA KING,1999,399,80,Price After Sale,"[{'href': '/chelsea-king-washed-black-jersey-long-sleeve-shirt-133224-149498.html', 'rel': 'self', 'method': 'GET'}]",['Black'],['Shirts'],['Casual Shirts'],False,,False,False,False,False,/chelsea-king-washed-black-jersey-long-sleeve-shirt-133224-149498.html,www.koovs.com/chelsea-king-washed-black-jersey-long-sleeve-shirt-133224-149498.html
34,1916969,133221,149495,https://product.koovs.com/149495_645c8beee5db449f92ed97173a89d601_image1_super_zoom.jpg,https://product.koovs.com/width/height/149495_645c8beee5db449f92ed97173a89d601_image1_super_zoom.jpg,Slogan Back Ripped Sleeve Shirt,CHELSEA KING,1999,399,80,Price After Sale,"[{'href': '/chelsea-king-slogan-print-long-sleeve-shirt-133221-149495.html', 'rel': 'self', 'method': 'GET'}]",['White'],['Shirts'],['Casual Shirts'],False,,False,False,False,False,/chelsea-king-slogan-print-long-sleeve-shirt-133221-149495.html,www.koovs.com/chelsea-king-slogan-print-long-sleeve-shirt-133221-149495.html
35,1821779,113747,127196,https://product.koovs.com/127196_6648632c9d364ea08a43826bcc5f35a8_image1_super_zoom.jpg,https://product.koovs.com/width/height/127196_6648632c9d364ea08a43826bcc5f35a8_image1_super_zoom.jpg,Abstract Camo Check Shirt,KOOVS,1299,1299,0,Price After Sale,"[{'href': '/koovs-camo-check-printed-viscose-shirt-113747-127196.html', 'rel': 'self', 'method': 'GET'}]",['Multi'],['Shirts'],['Casual Shirts'],False,,False,False,False,False,/koovs-camo-check-printed-viscose-shirt-113747-127196.html,www.koovs.com/koovs-camo-check-printed-viscose-shirt-113747-127196.html
36,1821788,113749,127198,https://product.koovs.com/127198_77bed22b25f34aa8b2e0ff72733a6a45_image1_super_zoom.jpg,https://product.koovs.com/width/height/127198_77bed22b25f34aa8b2e0ff72733a6a45_image1_super_zoom.jpg,Grunge Check Print Shirt,KOOVS,1299,1299,0,Price After Sale,"[{'href': '/koovs-grunge-check-shirt-113749-127198.html', 'rel': 'self', 'method': 'GET'}]",['Multi'],['Shirts'],['Casual Shirts'],False,,False,False,False,False,/koovs-grunge-check-shirt-113749-127198.html,www.koovs.com/koovs-grunge-check-shirt-113749-127198.html
37,1821703,113733,127181,https://product.koovs.com/127181_4f41c114e8704fdaa287b084473d33a4_image1_super_zoom.jpg,https://product.koovs.com/width/height/127181_4f41c114e8704fdaa287b084473d33a4_image1_super_zoom.jpg,Japanese Text Bamboo Print Shirt,KOOVS,1299,1299,0,Price After Sale,"[{'href': '/koovs-bamboo-print-shirt-113733-127181.html', 'rel': 'self', 'method': 'GET'}]",['Multi'],['Shirts'],['Casual Shirts'],False,,False,False,False,False,/koovs-bamboo-print-shirt-113733-127181.html,www.koovs.com/koovs-bamboo-print-shirt-113733-127181.html
38,1921197,134132,150560,https://product.koovs.com/150560_7e3a409bd5aa4ef5b00785348bfd26d9_image1_super_zoom.jpg,https://product.koovs.com/width/height/150560_7e3a409bd5aa4ef5b00785348bfd26d9_image1_super_zoom.jpg,Ditsy Floral Print Spliced Shirt,KOOVS,1499,299,80,Price After Sale,"[{'href': '/koovs-ditzy-spliced-shirt-134132-150560.html', 'rel': 'self', 'method': 'GET'}]",['Multi'],['Shirts'],['Casual Shirts'],False,,False,False,False,False,/koovs-ditzy-spliced-shirt-134132-150560.html,www.koovs.com/koovs-ditzy-spliced-shirt-134132-150560.html
39,1922122,134300,150766,https://product.koovs.com/150766_266c9670b514431897275afb8e9a2859_image1_super_zoom.jpg,https://product.koovs.com/width/height/150766_266c9670b514431897275afb8e9a2859_image1_super_zoom.jpg,Broken Vertical Stripe Print Shirt,TRUE RUG,999,999,0,Price After Sale,"[{'href': '/true-rug-multi-color-stripe-shirt-134300-150766.html', 'rel': 'self', 'method': 'GET'}]",['Multi'],['Shirts'],['Casual Shirts'],True,Koovs Exclusive,False,False,False,False,/true-rug-multi-color-stripe-shirt-134300-150766.html,www.koovs.com/true-rug-multi-color-stripe-shirt-134300-150766.html
40,1918544,133561,149856,https://product.koovs.com/149856_5158c19570aa423bb89cee106793f182_image1_super_zoom.jpg,https://product.koovs.com/width/height/149856_5158c19570aa423bb89cee106793f182_image1_super_zoom.jpg,Newspaper Print Contrast Pocket Shirt,KOOVS,1299,1299,0,Price After Sale,"[{'href': '/koovs-newspaper-print-ss-shirt-133561-149856.html', 'rel': 'self', 'method': 'GET'}]",['Multi'],['Shirts'],['Casual Shirts'],False,,False,False,False,False,/koovs-newspaper-print-ss-shirt-133561-149856.html,www.koovs.com/koovs-newspaper-print-ss-shirt-133561-149856.html
41,1885633,126895,142130,https://product.koovs.com/126895_45d6c3c4f50a0998af7e7fe6c6e5c0a1.jpg,https://product.koovs.com/width/height/126895_45d6c3c4f50a0998af7e7fe6c6e5c0a1.jpg,Vertical Stripe Badge Applique Shirt,KOOVS,1199,1199,0,Price After Sale,"[{'href': '/koovs-cross-collar-shirt-126895-142130.html', 'rel': 'self', 'method': 'GET'}]",['Multi'],['Shirts'],['Casual Shirts'],False,,False,False,False,False,/koovs-cross-collar-shirt-126895-142130.html,www.koovs.com/koovs-cross-collar-shirt-126895-142130.html
42,1857945,120962,135523,https://product.koovs.com/120962_53ecf456c2c9eac5c728cbf37cc5ec76.jpg,https://product.koovs.com/width/height/120962_53ecf456c2c9eac5c728cbf37cc5ec76.jpg,Beach Vibes Print Short Sleeve Shirt,KOOVS,1299,1299,0,Price After Sale,"[{'href': '/koovs-santa-monica-shirt-120962-135523.html', 'rel': 'self', 'method': 'GET'}]",['Multi'],['Shirts'],['Casual Shirts'],False,,False,False,False,False,/koovs-santa-monica-shirt-120962-135523.html,www.koovs.com/koovs-santa-monica-shirt-120962-135523.html
43,1853446,119981,134451,https://product.koovs.com/119981_8b4331414adda47fbf450d6796008304.jpg,https://product.koovs.com/width/height/119981_8b4331414adda47fbf450d6796008304.jpg,Dot Print Contrast Tape Shirt,KOOVS,1399,1399,0,Price After Sale,"[{'href': '/koovs-dotty-print-ls-shirt-119981-134451.html', 'rel': 'self', 'method': 'GET'}]",['Multi'],['Shirts'],['Casual Shirts'],False,,False,False,False,False,/koovs-dotty-print-ls-shirt-119981-134451.html,www.koovs.com/koovs-dotty-print-ls-shirt-119981-134451.html
44,1832084,115704,129473,https://product.koovs.com/115704_66d6e7bf505171dabf4b2bf7b5a22c0d.jpg,https://product.koovs.com/width/height/115704_66d6e7bf505171dabf4b2bf7b5a22c0d.jpg,Madras Check Print Casual Shirt,KOOVS,999,999,0,Price After Sale,"[{'href': '/koovs-large-madras-shirt-115704-129473.html', 'rel': 'self', 'method': 'GET'}]",['Multi'],['Shirts'],['Casual Shirts'],False,,False,False,False,False,/koovs-large-madras-shirt-115704-129473.html,www.koovs.com/koovs-large-madras-shirt-115704-129473.html
45,1828609,115099,128724,https://product.koovs.com/115099_49745ebb7054995d7276e69ee7c3a8d0.jpg,https://product.koovs.com/width/height/115099_49745ebb7054995d7276e69ee7c3a8d0.jpg,Ikkat Print Oversized Shirt,KUNAL RAWAL X KOOVS,2199,2199,0,Price After Sale,"[{'href': '/kunal-rawal-x-koovs-marigold-print-washed-oversized-shacket-115099-128724.html', 'rel': 'self', 'method': 'GET'}]",['Black'],['Shirts'],['Casual Shirts'],True,Koovs Exclusive,False,False,False,False,/kunal-rawal-x-koovs-marigold-print-washed-oversized-shacket-115099-128724.html,www.koovs.com/kunal-rawal-x-koovs-marigold-print-washed-oversized-shacket-115099-128724.html
46,1902759,130440,146174,https://product.koovs.com/146174_2fd1f0822f404e789a07817fdd8d89ef_image1_super_zoom.jpg,https://product.koovs.com/width/height/146174_2fd1f0822f404e789a07817fdd8d89ef_image1_super_zoom.jpg,Text Tape Short Sleeve Shirt,TRUE RUG,999,499,50,Price After Sale,"[{'href': '/frayed-stand-up-collar-with-write-up-tape-detailing-on-shoulders-130440-146174.html', 'rel': 'self', 'method': 'GET'}]",['Black'],['Shirts'],['Casual Shirts'],True,Koovs Exclusive,False,False,False,False,/frayed-stand-up-collar-with-write-up-tape-detailing-on-shoulders-130440-146174.html,www.koovs.com/frayed-stand-up-collar-with-write-up-tape-detailing-on-shoulders-130440-146174.html
47,1921787,134239,150684,https://product.koovs.com/150684_ef1717a30e5047549346f318fea001fe_image1_super_zoom.jpg,https://product.koovs.com/width/height/150684_ef1717a30e5047549346f318fea001fe_image1_super_zoom.jpg,Slogan Print Cuban Collar Shirt,Garcon,999,499,50,Price After Sale,"[{'href': '/garcon-cuban-collar-oversized-shirt-134239-150684.html', 'rel': 'self', 'method': 'GET'}]",['White'],['Shirts'],['Casual Shirts'],True,Koovs Exclusive,False,False,False,False,/garcon-cuban-collar-oversized-shirt-134239-150684.html,www.koovs.com/garcon-cuban-collar-oversized-shirt-134239-150684.html
48,450466,105552,117858,https://product.koovs.com/105552_19fe13110e69f31b1c8d0e284de15aff.jpg,https://product.koovs.com/width/height/105552_19fe13110e69f31b1c8d0e284de15aff.jpg,Muscle Fit Smart Shirt,KOOVS,999,999,0,Price After Sale,"[{'href': '/koovs-solid-slim-fit-full-sleeve-shirt-1-105552-117858.html', 'rel': 'self', 'method': 'GET'}]",['Purple'],['Shirts'],['Smart Shirts'],False,,False,False,False,False,/koovs-solid-slim-fit-full-sleeve-shirt-1-105552-117858.html,www.koovs.com/koovs-solid-slim-fit-full-sleeve-shirt-1-105552-117858.html
49,442909,103872,116008,https://product.koovs.com/103872_cf41b99e1e06835bc1548082cd0fd298.jpg,https://product.koovs.com/width/height/103872_cf41b99e1e06835bc1548082cd0fd298.jpg,Tropical Print Slim Shirt,KOOVS,1199,1199,0,Price After Sale,"[{'href': '/koovs-tropical-print-short-sleeve-shirt-103872-116008.html', 'rel': 'self', 'method': 'GET'}]",['Multi'],['Shirts'],['Casual Shirts'],False,,False,False,False,False,/koovs-tropical-print-short-sleeve-shirt-103872-116008.html,www.koovs.com/koovs-tropical-print-short-sleeve-shirt-103872-116008.html
50,450406,105537,117843,https://product.koovs.com/105537_60d4508e28d053cb4c37bd0594595180.jpg,https://product.koovs.com/width/height/105537_60d4508e28d053cb4c37bd0594595180.jpg,Muscle Fit Smart Shirt,KOOVS,799,799,0,Price After Sale,"[{'href': '/koovs-solid-slim-fit-half-sleeve-shirt-109-105537-117843.html', 'rel': 'self', 'method': 'GET'}]",['Blue'],['Shirts'],['Smart Shirts'],False,,False,False,False,False,/koovs-solid-slim-fit-half-sleeve-shirt-109-105537-117843.html,www.koovs.com/koovs-solid-slim-fit-half-sleeve-shirt-109-105537-117843.html
51,450426,105542,117848,https://product.koovs.com/105542_b2c0c2caccf2e763dbd1eed12edb8f55.jpg,https://product.koovs.com/width/height/105542_b2c0c2caccf2e763dbd1eed12edb8f55.jpg,Muscle Fit Smart Shirt,KOOVS,799,799,0,Price After Sale,"[{'href': '/koovs-solid-slim-fit-half-sleeve-shirt-207-105542-117848.html', 'rel': 'self', 'method': 'GET'}]",['Purple'],['Shirts'],['Smart Shirts'],False,,False,False,False,False,/koovs-solid-slim-fit-half-sleeve-shirt-207-105542-117848.html,www.koovs.com/koovs-solid-slim-fit-half-sleeve-shirt-207-105542-117848.html
52,1893845,128521,143968,https://product.koovs.com/128521_d2f019cb0711e8e8d94e0791c121c7e1.jpg,https://product.koovs.com/width/height/128521_d2f019cb0711e8e8d94e0791c121c7e1.jpg,Vertical Stripe Cuban Oversized Shirt,Spring Break,999,999,0,Price After Sale,"[{'href': '/spring-break-vertical-stripe-cuban-collar-shirt-475-128521-143968.html', 'rel': 'self', 'method': 'GET'}]",['Multi'],['Shirts'],['Casual Shirts'],True,Koovs Exclusive,False,False,False,False,/spring-break-vertical-stripe-cuban-collar-shirt-475-128521-143968.html,www.koovs.com/spring-break-vertical-stripe-cuban-collar-shirt-475-128521-143968.html
53,450454,105549,117855,https://product.koovs.com/105549_c64f499f298e0016acd524434910102c.jpg,https://product.koovs.com/width/height/105549_c64f499f298e0016acd524434910102c.jpg,Muscle Fit Smart Shirt,KOOVS,999,999,0,Price After Sale,"[{'href': '/koovs-solid-slim-fit-full-sleeve-shirt-390-105549-117855.html', 'rel': 'self', 'method': 'GET'}]",['Green'],['Shirts'],['Smart Shirts'],False,,False,False,False,False,/koovs-solid-slim-fit-full-sleeve-shirt-390-105549-117855.html,www.koovs.com/koovs-solid-slim-fit-full-sleeve-shirt-390-105549-117855.html
54,450462,105551,117857,https://product.koovs.com/105551_7aa82e01e16ab1e55c0e5dbe7e6fe671.jpg,https://product.koovs.com/width/height/105551_7aa82e01e16ab1e55c0e5dbe7e6fe671.jpg,Muscle Fit Smart Shirt,KOOVS,999,999,0,Price After Sale,"[{'href': '/koovs-solid-slim-fit-full-sleeve-shirt-148-105551-117857.html', 'rel': 'self', 'method': 'GET'}]",['Red'],['Shirts'],['Smart Shirts'],False,,False,False,False,False,/koovs-solid-slim-fit-full-sleeve-shirt-148-105551-117857.html,www.koovs.com/koovs-solid-slim-fit-full-sleeve-shirt-148-105551-117857.html
55,450430,105543,117849,https://product.koovs.com/105543_9406d8fe2b5514e7b655ae018ed905da.jpg,https://product.koovs.com/width/height/105543_9406d8fe2b5514e7b655ae018ed905da.jpg,Muscle Fit Smart Shirt,KOOVS,799,799,0,Price After Sale,"[{'href': '/koovs-solid-slim-fit-half-sleeve-shirt-321-105543-117849.html', 'rel': 'self', 'method': 'GET'}]",['Off-White'],['Shirts'],['Smart Shirts'],False,,False,False,False,False,/koovs-solid-slim-fit-half-sleeve-shirt-321-105543-117849.html,www.koovs.com/koovs-solid-slim-fit-half-sleeve-shirt-321-105543-117849.html
56,1911383,132135,148184,https://product.koovs.com/132135_6cc44cd08fd2d53550546b90ad6bf4d2.jpg,https://product.koovs.com/width/height/132135_6cc44cd08fd2d53550546b90ad6bf4d2.jpg,Badge Applique Check Shirt,KOOVS,1499,1499,0,Price After Sale,"[{'href': '/koovs-badge-check-shirt-132135-148184.html', 'rel': 'self', 'method': 'GET'}]",['Blue'],['Shirts'],['Casual Shirts'],False,,False,False,False,False,/koovs-badge-check-shirt-132135-148184.html,www.koovs.com/koovs-badge-check-shirt-132135-148184.html
57,1895368,128863,144366,https://product.koovs.com/128863_969a7bb01e92bb4c7ed58cc6a0ca13e5.jpg,https://product.koovs.com/width/height/128863_969a7bb01e92bb4c7ed58cc6a0ca13e5.jpg,Candy Stripe Knitted Slim Shirt,KOOVS,999,999,0,Price After Sale,"[{'href': '/koovs-candy-stripe-knitted-ls-shirt-128863-144366.html', 'rel': 'self', 'method': 'GET'}]",['Multi'],['Shirts'],['Casual Shirts'],False,,False,False,False,False,/koovs-candy-stripe-knitted-ls-shirt-128863-144366.html,www.koovs.com/koovs-candy-stripe-knitted-ls-shirt-128863-144366.html
58,1895381,128866,144369,https://product.koovs.com/128866_0528711ec7a430225b9ea53ea89d5f73.jpg,https://product.koovs.com/width/height/128866_0528711ec7a430225b9ea53ea89d5f73.jpg,Candy Stripe Knitted Slim Shirt,KOOVS,999,999,0,Price After Sale,"[{'href': '/koovs-candy-stripe-knitted-ls-shirt-99-128866-144369.html', 'rel': 'self', 'method': 'GET'}]",['Multi'],['Shirts'],['Casual Shirts'],False,,False,False,False,False,/koovs-candy-stripe-knitted-ls-shirt-99-128866-144369.html,www.koovs.com/koovs-candy-stripe-knitted-ls-shirt-99-128866-144369.html
59,1895377,128865,144368,https://product.koovs.com/128865_bf68bee384921e8698c5b1ed3dd51877.jpg,https://product.koovs.com/width/height/128865_bf68bee384921e8698c5b1ed3dd51877.jpg,Candy Stripe Knitted Long Sleeve Shirt,KOOVS,999,999,0,Price After Sale,"[{'href': '/koovs-candy-stripe-knitted-ls-shirt-117-128865-144368.html', 'rel': 'self', 'method': 'GET'}]",['Multi'],['Shirts'],['Casual Shirts'],False,,False,False,False,False,/koovs-candy-stripe-knitted-ls-shirt-117-128865-144368.html,www.koovs.com/koovs-candy-stripe-knitted-ls-shirt-117-128865-144368.html
60,1905736,131042,146876,https://product.koovs.com/131042_d6d1d31b5db5eb0d8c22c44e5b0c53b0.jpg,https://product.koovs.com/width/height/131042_d6d1d31b5db5eb0d8c22c44e5b0c53b0.jpg,Sticker Print Cuban Collar Shirt,KOOVS,1299,649,50,Price After Sale,"[{'href': '/koovs-sticker-print-cuban-shirt-131042-146876.html', 'rel': 'self', 'method': 'GET'}]",['Multi'],['Shirts'],['Casual Shirts'],False,,False,False,False,False,/koovs-sticker-print-cuban-shirt-131042-146876.html,www.koovs.com/koovs-sticker-print-cuban-shirt-131042-146876.html
61,1899026,129613,145220,https://product.koovs.com/129613_e42dd8138a0ec13d1c114fb75756aa07.jpg,https://product.koovs.com/width/height/129613_e42dd8138a0ec13d1c114fb75756aa07.jpg,Basic Oxford Long Sleeve Shirt,Giordano,2299,1150,50,Price After Sale,"[{'href': '/giordano-men-fs-stretch-oxford-shirt-shirts-129613-145220.html', 'rel': 'self', 'method': 'GET'}]",['Blue'],['Shirts'],['Casual Shirts'],False,,False,False,False,False,/giordano-men-fs-stretch-oxford-shirt-shirts-129613-145220.html,www.koovs.com/giordano-men-fs-stretch-oxford-shirt-shirts-129613-145220.html
62,1905745,131044,146878,https://product.koovs.com/131044_4669eabeb002a0175214ae0c3ba6afc0.jpg,https://product.koovs.com/width/height/131044_4669eabeb002a0175214ae0c3ba6afc0.jpg,Graffiti Multi Check Print Shirt,KOOVS,1299,1299,0,Price After Sale,"[{'href': '/koovs-graffti-print-shirt-131044-146878.html', 'rel': 'self', 'method': 'GET'}]",['Multi'],['Shirts'],['Casual Shirts'],False,,False,False,False,False,/koovs-graffti-print-shirt-131044-146878.html,www.koovs.com/koovs-graffti-print-shirt-131044-146878.html
63,1905720,131039,146873,https://product.koovs.com/131039_0fbb6a68f0c8bfdd264671745814ee89.jpg,https://product.koovs.com/width/height/131039_0fbb6a68f0c8bfdd264671745814ee89.jpg,Multi Check Large Pocket Shirt,KOOVS,1299,1299,0,Price After Sale,"[{'href': '/koovs-large-pocket-shirt-131039-146873.html', 'rel': 'self', 'method': 'GET'}]",['Multi'],['Shirts'],['Casual Shirts'],False,,False,False,False,False,/koovs-large-pocket-shirt-131039-146873.html,www.koovs.com/koovs-large-pocket-shirt-131039-146873.html
64,1905724,131040,146874,https://product.koovs.com/131040_51fe545d1067c21eba4ad3a1f938f696.jpg,https://product.koovs.com/width/height/131040_51fe545d1067c21eba4ad3a1f938f696.jpg,Half And Half Check Shirt,KOOVS,1499,1499,0,Price After Sale,"[{'href': '/koovs-mixed-check-western-shirt-131040-146874.html', 'rel': 'self', 'method': 'GET'}]",['Multi'],['Shirts'],['Casual Shirts'],False,,False,False,False,False,/koovs-mixed-check-western-shirt-131040-146874.html,www.koovs.com/koovs-mixed-check-western-shirt-131040-146874.html
65,1905729,131041,146875,https://product.koovs.com/131041_a650560bd581333338a6a98744ccd17c.jpg,https://product.koovs.com/width/height/131041_a650560bd581333338a6a98744ccd17c.jpg,Multi-Check Strap Detail Longline Shirt,KOOVS,1499,1499,0,Price After Sale,"[{'href': '/koovs-strap-detail-longline-shirt-122-131041-146875.html', 'rel': 'self', 'method': 'GET'}]",['Multi'],['Shirts'],['Casual Shirts'],False,,False,False,False,False,/koovs-strap-detail-longline-shirt-122-131041-146875.html,www.koovs.com/koovs-strap-detail-longline-shirt-122-131041-146875.html
66,1899504,129782,145403,https://product.koovs.com/129782_dfb3bb8fe7883e57f33165bd359bbbf7.jpg,https://product.koovs.com/width/height/129782_dfb3bb8fe7883e57f33165bd359bbbf7.jpg,Skate Sticker Print Shirt,KOOVS,1299,1299,0,Price After Sale,"[{'href': '/koovs-skate-print-ls-shirt-129782-145403.html', 'rel': 'self', 'method': 'GET'}]",['White'],['Shirts'],['Casual Shirts'],False,,False,False,False,False,/koovs-skate-print-ls-shirt-129782-145403.html,www.koovs.com/koovs-skate-print-ls-shirt-129782-145403.html
67,1905764,131048,146882,https://product.koovs.com/131048_cf3fa67e57780a370717398f36a0ce95.jpg,https://product.koovs.com/width/height/131048_cf3fa67e57780a370717398f36a0ce95.jpg,Multi-Check Text Print Shirt,KOOVS,1299,1299,0,Price After Sale,"[{'href': '/koovs-typecheck-print-longline-shirt-131048-146882.html', 'rel': 'self', 'method': 'GET'}]",['Multi'],['Shirts'],['Casual Shirts'],False,,False,False,False,False,/koovs-typecheck-print-longline-shirt-131048-146882.html,www.koovs.com/koovs-typecheck-print-longline-shirt-131048-146882.html
68,1909944,131831,147854,https://product.koovs.com/131831_33b1656f2b5581dbf86e516f49c6fc83.jpg,https://product.koovs.com/width/height/131831_33b1656f2b5581dbf86e516f49c6fc83.jpg,Half And Half Checkered Shirt,Soulstar,1699,1699,0,Price After Sale,"[{'href': '/soulstar-half-and-half-check-shirt-131831-147854.html', 'rel': 'self', 'method': 'GET'}]",['Multi'],['Shirts'],['Casual Shirts'],True,INTERNATIONAL BRAND,False,False,False,False,/soulstar-half-and-half-check-shirt-131831-147854.html,www.koovs.com/soulstar-half-and-half-check-shirt-131831-147854.html
69,1909995,131837,147866,https://product.koovs.com/131837_72b168d871bddb0c56ffde246eba3920.jpg,https://product.koovs.com/width/height/131837_72b168d871bddb0c56ffde246eba3920.jpg,Half & Half Checkered Shirt,Soulstar,1699,849,50,Price After Sale,"[{'href': '/soulstar-half-and-half-check-shirt-18-131837-147866.html', 'rel': 'self', 'method': 'GET'}]",['Multi'],['Shirts'],['Casual Shirts'],True,INTERNATIONAL BRAND,False,False,False,False,/soulstar-half-and-half-check-shirt-18-131837-147866.html,www.koovs.com/soulstar-half-and-half-check-shirt-18-131837-147866.html
70,1909059,131645,147621,https://product.koovs.com/131645_7d43910470b59d934c18f9980624c744.jpg,https://product.koovs.com/width/height/131645_7d43910470b59d934c18f9980624c744.jpg,Elbow Patch Knitted Shirt,Garcon,1049,1049,0,Price After Sale,"[{'href': '/garcon-mandarin-collar-elbow-patch-shirt-131645-147621.html', 'rel': 'self', 'method': 'GET'}]",['White'],['Shirts'],['Smart Shirts'],True,Koovs Exclusive,False,False,False,False,/garcon-mandarin-collar-elbow-patch-shirt-131645-147621.html,www.koovs.com/garcon-mandarin-collar-elbow-patch-shirt-131645-147621.html
71,1880082,125712,140810,https://product.koovs.com/125712_96b928cf8f7d64f05c525bd0e42f7ef4.jpg,https://product.koovs.com/width/height/125712_96b928cf8f7d64f05c525bd0e42f7ef4.jpg,Micro Check Printed Shirt,Disrupt,1599,719,55,Price After Sale,"[{'href': '/disrupt-solid-shirt-37-125712-140810.html', 'rel': 'self', 'method': 'GET'}]",['Blue'],['Shirts'],['Casual Shirts'],False,,False,False,False,False,/disrupt-solid-shirt-37-125712-140810.html,www.koovs.com/disrupt-solid-shirt-37-125712-140810.html
72,1903837,130639,146415,https://product.koovs.com/130639_e6547287526f9f5b450176cc7238e827.jpg,https://product.koovs.com/width/height/130639_e6547287526f9f5b450176cc7238e827.jpg,Vertical Stripe Cuban Collar Shirt,AMON,999,999,0,Price After Sale,"[{'href': '/amon-micro-vertical-stripe-cuban-collar-shirt-284-130639-146415.html', 'rel': 'self', 'method': 'GET'}]",['Multi'],['Shirts'],['Casual Shirts'],False,,False,False,False,False,/amon-micro-vertical-stripe-cuban-collar-shirt-284-130639-146415.html,www.koovs.com/amon-micro-vertical-stripe-cuban-collar-shirt-284-130639-146415.html
73,1904187,130686,146486,https://product.koovs.com/130686_8b38e4cfc3b01fee9664ea012d46be8d.jpg,https://product.koovs.com/width/height/130686_8b38e4cfc3b01fee9664ea012d46be8d.jpg,Magnolia Flower Print Cuban Collar Shirt,Shivan & Narresh X KOOVS,1899,1899,0,Price After Sale,"[{'href': '/shivan--narresh-x-koovs-magnolia-print-cuban-collar-shirt-187-130686-146486.html', 'rel': 'self', 'method': 'GET'}]",['Multi'],['Shirts'],['Casual Shirts'],True,Koovs Exclusive,False,False,False,False,/shivan--narresh-x-koovs-magnolia-print-cuban-collar-shirt-187-130686-146486.html,www.koovs.com/shivan--narresh-x-koovs-magnolia-print-cuban-collar-shirt-187-130686-146486.html
74,1904150,130680,146478,https://product.koovs.com/130680_eb8fc8468c356538cff41a33fbcd1d7b.jpg,https://product.koovs.com/width/height/130680_eb8fc8468c356538cff41a33fbcd1d7b.jpg,Oriental Floral Cuban Collar Shirt,Shivan & Narresh X KOOVS,1899,1899,0,Price After Sale,"[{'href': '/shivan--narresh-x-koovs-summer-night-eyelet-detail-cuban-collar-shirt-130680-146478.html', 'rel': 'self', 'method': 'GET'}]",['Multi'],['Shirts'],['Casual Shirts'],True,Koovs Exclusive,False,False,False,False,/shivan--narresh-x-koovs-summer-night-eyelet-detail-cuban-collar-shirt-130680-146478.html,www.koovs.com/shivan--narresh-x-koovs-summer-night-eyelet-detail-cuban-collar-shirt-130680-146478.html
75,1878143,125261,140281,https://product.koovs.com/125261_b2dbe0ad5cb383226688745bc488e270.jpg,https://product.koovs.com/width/height/125261_b2dbe0ad5cb383226688745bc488e270.jpg,Abstract Geometric Print Cuban Shirt,KOOVS,1299,1299,0,Price After Sale,"[{'href': '/koovs-abstract-print-cuban-collar-shirt-125261-140281.html', 'rel': 'self', 'method': 'GET'}]",['Multi'],['Shirts'],['Casual Shirts'],False,,False,False,False,False,/koovs-abstract-print-cuban-collar-shirt-125261-140281.html,www.koovs.com/koovs-abstract-print-cuban-collar-shirt-125261-140281.html
76,1887641,127198,142546,https://product.koovs.com/127198_329b4f561f45f01fd7cfaf424dc40183.jpg,https://product.koovs.com/width/height/127198_329b4f561f45f01fd7cfaf424dc40183.jpg,Multi-Stripe Slim Fit Shirt,KOOVS,999,999,0,Price After Sale,"[{'href': '/koovs-ss-vertical-stripe-slim-fit-shirt-127198-142546.html', 'rel': 'self', 'method': 'GET'}]",['Multi'],['Shirts'],['Casual Shirts'],False,,False,False,False,False,/koovs-ss-vertical-stripe-slim-fit-shirt-127198-142546.html,www.koovs.com/koovs-ss-vertical-stripe-slim-fit-shirt-127198-142546.html
77,1866400,122795,137570,https://product.koovs.com/122795_dc167d46b3fec162142a39317b8fe0ea.jpg,https://product.koovs.com/width/height/122795_dc167d46b3fec162142a39317b8fe0ea.jpg,Windowpane Check Patch Pocket Shirt,Indigo Nation,1799,899,50,Price After Sale,"[{'href': '/indigo-nation-full-sleeves-solid-shirt-62-122795-137570.html', 'rel': 'self', 'method': 'GET'}]",['Grey'],['Shirts'],['Casual Shirts'],False,,False,False,False,False,/indigo-nation-full-sleeves-solid-shirt-62-122795-137570.html,www.koovs.com/indigo-nation-full-sleeves-solid-shirt-62-122795-137570.html
78,1886476,127030,142301,https://product.koovs.com/127030_fc4afaad3449a3d470bad8283d35184d.jpg,https://product.koovs.com/width/height/127030_fc4afaad3449a3d470bad8283d35184d.jpg,Stripe Flamingo Print Cuban Shirt,Brave Soul,2299,2299,0,Price After Sale,"[{'href': '/striped-bird-print-cuban-collar-shirt-127030-142301.html', 'rel': 'self', 'method': 'GET'}]",['Blue'],['Shirts'],['Casual Shirts'],True,INTERNATIONAL BRAND,False,False,False,False,/striped-bird-print-cuban-collar-shirt-127030-142301.html,www.koovs.com/striped-bird-print-cuban-collar-shirt-127030-142301.html
79,1886208,126988,142248,https://product.koovs.com/126988_af6daa4058dd3cb48d10e7f1351c1071.jpg,https://product.koovs.com/width/height/126988_af6daa4058dd3cb48d10e7f1351c1071.jpg,Tropical Palm Print Shirt,Brave Soul,1699,850,50,Price After Sale,"[{'href': '/all-over-print-shirt-416-126988-142248.html', 'rel': 'self', 'method': 'GET'}]",['Black'],['Shirts'],['Casual Shirts'],True,INTERNATIONAL BRAND,False,False,False,False,/all-over-print-shirt-416-126988-142248.html,www.koovs.com/all-over-print-shirt-416-126988-142248.html
80,1880051,125704,140802,https://product.koovs.com/125704_d2dfa56044bf24a60096df024d2fe365.jpg,https://product.koovs.com/width/height/125704_d2dfa56044bf24a60096df024d2fe365.jpg,Overdyed Front Pocket Casual Shirt,Disrupt,1799,809,55,Price After Sale,"[{'href': '/disrupt-front-pocket-design-shirt-125704-140802.html', 'rel': 'self', 'method': 'GET'}]",['Brown'],['Shirts'],['Casual Shirts'],False,,False,False,False,False,/disrupt-front-pocket-design-shirt-125704-140802.html,www.koovs.com/disrupt-front-pocket-design-shirt-125704-140802.html
81,418394,99149,110602,https://product.koovs.com/99149_5c10a468ef8143f8791f6a32697c4b96.jpg,https://product.koovs.com/width/height/99149_5c10a468ef8143f8791f6a32697c4b96.jpg,Slogan Printed Shirt With Striped Sleeve,Noble Faith,1699,1699,0,Price After Sale,"[{'href': '/slogan-printed-shirt-with-striped-sleeve-252-99149-110602.html', 'rel': 'self', 'method': 'GET'}]",['Black'],['Shirts'],['Casual Shirts'],False,,False,False,False,False,/slogan-printed-shirt-with-striped-sleeve-252-99149-110602.html,www.koovs.com/slogan-printed-shirt-with-striped-sleeve-252-99149-110602.html
82,1857956,120964,135525,https://product.koovs.com/120964_8d80d671f06f469e64ba769ffe6a6cd7.jpg,https://product.koovs.com/width/height/120964_8d80d671f06f469e64ba769ffe6a6cd7.jpg,Leopard Tropical Print Casual Shirt,KOOVS,1299,1299,0,Price After Sale,"[{'href': '/koovs-pattern-clash-printed-shirt-120964-135525.html', 'rel': 'self', 'method': 'GET'}]",['Multi'],['Shirts'],['Casual Shirts'],False,,False,False,False,False,/koovs-pattern-clash-printed-shirt-120964-135525.html,www.koovs.com/koovs-pattern-clash-printed-shirt-120964-135525.html
83,1859867,121395,135981,https://product.koovs.com/121395_02e30b042974f49cedbfb34e6169d515.jpg,https://product.koovs.com/width/height/121395_02e30b042974f49cedbfb34e6169d515.jpg,Contrast Side Tape Denim Shirt,X.O.Y.O,1699,849,50,Price After Sale,"[{'href': '/xoyo-side-tape-denim-shirt-56-121395-135981.html', 'rel': 'self', 'method': 'GET'}]",['Blue'],['Shirts'],['Casual Shirts'],True,Koovs Exclusive,False,False,False,False,/xoyo-side-tape-denim-shirt-56-121395-135981.html,www.koovs.com/xoyo-side-tape-denim-shirt-56-121395-135981.html
84,1874172,124425,139344,https://product.koovs.com/124425_01b4d69e6f85eb25c11de18ba32c70a9.jpg,https://product.koovs.com/width/height/124425_01b4d69e6f85eb25c11de18ba32c70a9.jpg,Floral Print Casual Shirt,Flying Machine,1799,1799,0,Price After Sale,"[{'href': '/flying-machine-full-sleeves-shirt-429-124425-139344.html', 'rel': 'self', 'method': 'GET'}]",['White'],['Shirts'],['Casual Shirts'],False,,False,False,False,False,/flying-machine-full-sleeves-shirt-429-124425-139344.html,www.koovs.com/flying-machine-full-sleeves-shirt-429-124425-139344.html
85,1871663,123951,138806,https://product.koovs.com/123951_ebe5ccf6be85ecb9328e43b2a47e8f7f.jpg,https://product.koovs.com/width/height/123951_ebe5ccf6be85ecb9328e43b2a47e8f7f.jpg,Embroidered Dragon Patch Tartan Check Shirt,Blue Saint,1699,1699,0,Price After Sale,"[{'href': '/blue-saint-check-shirt-with-embroidery-361-123951-138806.html', 'rel': 'self', 'method': 'GET'}]",['Green'],['Shirts'],['Casual Shirts'],False,,False,False,False,False,/blue-saint-check-shirt-with-embroidery-361-123951-138806.html,www.koovs.com/blue-saint-check-shirt-with-embroidery-361-123951-138806.html
86,1871520,123915,138770,https://product.koovs.com/123915_6991e331435beb04f512bc847526eb5a.jpg,https://product.koovs.com/width/height/123915_6991e331435beb04f512bc847526eb5a.jpg,Sleeveless Check Shirt,Blue Saint,1499,1499,0,Price After Sale,"[{'href': '/blue-saint-sleeveless-check-shirt-123915-138770.html', 'rel': 'self', 'method': 'GET'}]",['Yellow'],['Shirts'],['Casual Shirts'],False,,False,False,False,False,/blue-saint-sleeveless-check-shirt-123915-138770.html,www.koovs.com/blue-saint-sleeveless-check-shirt-123915-138770.html
87,1851187,119557,133946,https://product.koovs.com/119557_46e1def6f4963cf7afa5e489e2350fe2.jpg,https://product.koovs.com/width/height/119557_46e1def6f4963cf7afa5e489e2350fe2.jpg,Scarf Print Cuban Collar Shirt,KOOVS,999,999,0,Price After Sale,"[{'href': '/koovs-scarf-print-cuban-collar-shirt-119557-133946.html', 'rel': 'self', 'method': 'GET'}]",['Multi'],['Shirts'],['Casual Shirts'],False,,False,False,False,False,/koovs-scarf-print-cuban-collar-shirt-119557-133946.html,www.koovs.com/koovs-scarf-print-cuban-collar-shirt-119557-133946.html
88,1863102,122075,136742,https://product.koovs.com/122075_17f7b953fbae0de5b4bd59368396b91c.jpg,https://product.koovs.com/width/height/122075_17f7b953fbae0de5b4bd59368396b91c.jpg,All Over Print Casual Shirt,Celio,2499,1250,50,Price After Sale,"[{'href': '/celio-aop-shirt-122075-136742.html', 'rel': 'self', 'method': 'GET'}]",['Black'],['Shirts'],['Casual Shirts'],False,,True,False,False,False,/celio-aop-shirt-122075-136742.html,www.koovs.com/celio-aop-shirt-122075-136742.html
89,310755,76801,84995,https://product.koovs.com/76801_652bdf86bd2e43a3a2862adc56909fde.jpg,https://product.koovs.com/width/height/76801_652bdf86bd2e43a3a2862adc56909fde.jpg,Sleeveless Denim Shirt With Raw Edges,Blue Saint,1299,649,50,Price After Sale,"[{'href': '/blue-saint-sleeveless-denim-shirt-with-raw-edges-76801-84995.html', 'rel': 'self', 'method': 'GET'}]",['Blue'],['Shirts'],['Casual Shirts'],False,,False,False,False,False,/blue-saint-sleeveless-denim-shirt-with-raw-edges-76801-84995.html,www.koovs.com/blue-saint-sleeveless-denim-shirt-with-raw-edges-76801-84995.html
90,1835528,116360,130298,https://product.koovs.com/116360_a35633b4e9b2f89fa5f7a1643b0e7fc6.jpg,https://product.koovs.com/width/height/116360_a35633b4e9b2f89fa5f7a1643b0e7fc6.jpg,Linen Blend Slim Shirt,KOOVS,799,799,0,Price After Sale,"[{'href': '/koovs-linen-hs-shirt-116360-130298.html', 'rel': 'self', 'method': 'GET'}]",['Blue'],['Shirts'],['Casual Shirts'],False,,False,False,False,False,/koovs-linen-hs-shirt-116360-130298.html,www.koovs.com/koovs-linen-hs-shirt-116360-130298.html
91,1835483,116359,130289,https://product.koovs.com/116359_94ea2439ea5039563e07a87102f6d77c.jpg,https://product.koovs.com/width/height/116359_94ea2439ea5039563e07a87102f6d77c.jpg,Linen Blend Slim Shirt,KOOVS,999,999,0,Price After Sale,"[{'href': '/koovs-linen-ls-shirt-116359-130289.html', 'rel': 'self', 'method': 'GET'}]",['Black'],['Shirts'],['Casual Shirts'],False,,False,False,False,False,/koovs-linen-ls-shirt-116359-130289.html,www.koovs.com/koovs-linen-ls-shirt-116359-130289.html
93,1839102,117091,131113,https://product.koovs.com/117091_58005aaf546270b6de310b687f1dd7ab.jpg,https://product.koovs.com/width/height/117091_58005aaf546270b6de310b687f1dd7ab.jpg,Check Print Short Sleeve Shirt,KOOVS,999,999,0,Price After Sale,"[{'href': '/koovs-abstract-printed-check-ss-shirt-117091-131113.html', 'rel': 'self', 'method': 'GET'}]",['Multi'],['Shirts'],['Casual Shirts'],False,,False,False,False,False,/koovs-abstract-printed-check-ss-shirt-117091-131113.html,www.koovs.com/koovs-abstract-printed-check-ss-shirt-117091-131113.html
94,420618,99583,111075,https://product.koovs.com/99583_4b00fe94b2522f5fba36347d32a58d9b.jpg,https://product.koovs.com/width/height/99583_4b00fe94b2522f5fba36347d32a58d9b.jpg,Concealed Zip Shacket With Tonal Camo Utility Pockets,X.O.Y.O,1295,1295,0,Price After Sale,"[{'href': '/concealed-placket-shirt-with-camo-pockets-99583-111075.html', 'rel': 'self', 'method': 'GET'}]",['Blue'],['Shirts'],['Casual Shirts'],False,,False,False,False,False,/concealed-placket-shirt-with-camo-pockets-99583-111075.html,www.koovs.com/concealed-placket-shirt-with-camo-pockets-99583-111075.html
95,422595,99940,111544,https://product.koovs.com/99940_80155280217388ecfcc7f971c1ea46e7.jpg,https://product.koovs.com/width/height/99940_80155280217388ecfcc7f971c1ea46e7.jpg,Knitted Baseball Shirt With Contrast Tape,KOOVS,999,999,0,Price After Sale,"[{'href': '/koovs-baseball-t-shirt-with-contrast-tape-41-99940-111544.html', 'rel': 'self', 'method': 'GET'}]",['Black'],['Shirts'],['Casual Shirts'],False,,False,False,False,False,/koovs-baseball-t-shirt-with-contrast-tape-41-99940-111544.html,www.koovs.com/koovs-baseball-t-shirt-with-contrast-tape-41-99940-111544.html
96,431814,101665,113508,https://product.koovs.com/101665_57c3895facf88b94113ba74d6d3c5ebf.jpg,https://product.koovs.com/width/height/101665_57c3895facf88b94113ba74d6d3c5ebf.jpg,Contrast Check Panel Baseball Shirt,KOOVS,999,999,0,Price After Sale,"[{'href': '/koovs-baseball-tee-with-contrast-piping--check-panel-101665-113508.html', 'rel': 'self', 'method': 'GET'}]",['Black'],['Shirts'],['Casual Shirts'],False,,False,False,False,False,/koovs-baseball-tee-with-contrast-piping--check-panel-101665-113508.html,www.koovs.com/koovs-baseball-tee-with-contrast-piping--check-panel-101665-113508.html
97,1832493,115791,129560,https://product.koovs.com/115791_a0f3a0c39657870ad33897942679bcec.jpg,https://product.koovs.com/width/height/115791_a0f3a0c39657870ad33897942679bcec.jpg,Side Tape Slogan Check Shirt,Noble Faith,1699,759,55,Price After Sale,"[{'href': '/noble-faith--side-tape-slogan-shirt-115791-129560.html', 'rel': 'self', 'method': 'GET'}]",['Multi'],['Shirts'],['Casual Shirts'],True,Koovs Exclusive,False,False,False,False,/noble-faith--side-tape-slogan-shirt-115791-129560.html,www.koovs.com/noble-faith--side-tape-slogan-shirt-115791-129560.html
98,1832452,115781,129550,https://product.koovs.com/115781_5a631e44ee6c60980f52ca3f7250f74f.jpg,https://product.koovs.com/width/height/115781_5a631e44ee6c60980f52ca3f7250f74f.jpg,Denim Long Sleeves Shirt,Noble Faith,1799,1799,0,Price After Sale,"[{'href': '/noble-faith--denim-full-sleeves-shirt-115781-129550.html', 'rel': 'self', 'method': 'GET'}]",['Black'],['Shirts'],['Casual Shirts'],True,Koovs Exclusive,False,False,False,False,/noble-faith--denim-full-sleeves-shirt-115781-129550.html,www.koovs.com/noble-faith--denim-full-sleeves-shirt-115781-129550.html
99,1832464,115784,129553,https://product.koovs.com/115784_a8ade47b843c6a6154b85c3684406228.jpg,https://product.koovs.com/width/height/115784_a8ade47b843c6a6154b85c3684406228.jpg,Grindle Back Slit Shirt,Noble Faith,1699,1699,0,Price After Sale,"[{'href': '/noble-faith--grindle-back-slit-shirt-115784-129553.html', 'rel': 'self', 'method': 'GET'}]",['Grey'],['Shirts'],['Casual Shirts'],True,Koovs Exclusive,False,False,False,False,/noble-faith--grindle-back-slit-shirt-115784-129553.html,www.koovs.com/noble-faith--grindle-back-slit-shirt-115784-129553.html
