,sku,id,lineId,imageSmallUrl,originalImage,productName,brandName,price,discountPrice,discountPercent,links,mainColor,masterCategoryName,subCategoryName,exclusiveToKoovs,merchantDetails,isSkuOutOfStock,isProductOutOfStock,hasLooksAvailable,isTrending,url_given,PAGE_URL_COMPLETE
0,1886227,126990,142251,https://product.koovs.com/142251_3662b9d3fcca4c7781da3da57f3422e6_image1_super_zoom.jpg,https://product.koovs.com/width/height/142251_3662b9d3fcca4c7781da3da57f3422e6_image1_super_zoom.jpg,Pineapple Print Curved Hem Shirt,Brave Soul,1699,675,60,"[{'href': '/pineapple-print-shirt-126990-142251.html', 'rel': 'self', 'method': 'GET'}]",['Multi'],['Shirts'],['Casual Shirts'],True,INTERNATIONAL BRAND,False,False,False,False,/pineapple-print-shirt-126990-142251.html,www.koovs.com/pineapple-print-shirt-126990-142251.html
1,1886208,126988,142248,https://product.koovs.com/126988_af6daa4058dd3cb48d10e7f1351c1071.jpg,https://product.koovs.com/width/height/126988_af6daa4058dd3cb48d10e7f1351c1071.jpg,Tropical Palm Print Shirt,Brave Soul,1699,1699,0,"[{'href': '/all-over-print-shirt-416-126988-142248.html', 'rel': 'self', 'method': 'GET'}]",['Black'],['Shirts'],['Casual Shirts'],True,INTERNATIONAL BRAND,False,False,False,False,/all-over-print-shirt-416-126988-142248.html,www.koovs.com/all-over-print-shirt-416-126988-142248.html
2,1921197,134132,150560,https://product.koovs.com/150560_7e3a409bd5aa4ef5b00785348bfd26d9_image1_super_zoom.jpg,https://product.koovs.com/width/height/150560_7e3a409bd5aa4ef5b00785348bfd26d9_image1_super_zoom.jpg,Ditsy Floral Print Spliced Shirt,KOOVS,1499,299,80,"[{'href': '/koovs-ditzy-spliced-shirt-134132-150560.html', 'rel': 'self', 'method': 'GET'}]",['Multi'],['Shirts'],['Casual Shirts'],False,,False,False,False,False,/koovs-ditzy-spliced-shirt-134132-150560.html,www.koovs.com/koovs-ditzy-spliced-shirt-134132-150560.html
3,1917021,133234,149508,https://product.koovs.com/149508_272cb7d2119e471d94057d34f4527add_image1_super_zoom.jpg,https://product.koovs.com/width/height/149508_272cb7d2119e471d94057d34f4527add_image1_super_zoom.jpg,Twin Pocket Casual Shirt,CHELSEA KING,1999,299,85,"[{'href': '/chelsea-king-snap-detail-trim-long-sleeve-shirt-336-133234-149508.html', 'rel': 'self', 'method': 'GET'}]",['Green'],['Shirts'],['Casual Shirts'],False,,False,False,False,False,/chelsea-king-snap-detail-trim-long-sleeve-shirt-336-133234-149508.html,www.koovs.com/chelsea-king-snap-detail-trim-long-sleeve-shirt-336-133234-149508.html
4,1821788,113749,127198,https://product.koovs.com/127198_77bed22b25f34aa8b2e0ff72733a6a45_image1_super_zoom.jpg,https://product.koovs.com/width/height/127198_77bed22b25f34aa8b2e0ff72733a6a45_image1_super_zoom.jpg,Grunge Check Print Shirt,KOOVS,1299,585,55,"[{'href': '/koovs-grunge-check-shirt-113749-127198.html', 'rel': 'self', 'method': 'GET'}]",['Multi'],['Shirts'],['Casual Shirts'],False,,False,False,False,False,/koovs-grunge-check-shirt-113749-127198.html,www.koovs.com/koovs-grunge-check-shirt-113749-127198.html
5,1936328,137243,154168,https://product.koovs.com/154168_ae3a52719dd346beaa319aeb869dd096_image1_super_zoom.jpg,https://product.koovs.com/width/height/154168_ae3a52719dd346beaa319aeb869dd096_image1_super_zoom.jpg,Abstract Print Twin Pocket Shirt,KOOVS,1299,585,55,"[{'href': '/koovs-abstract-camo-ss-shirt-137243-154168.html', 'rel': 'self', 'method': 'GET'}]",['Multi'],['Shirts'],['Casual Shirts'],False,,False,False,False,False,/koovs-abstract-camo-ss-shirt-137243-154168.html,www.koovs.com/koovs-abstract-camo-ss-shirt-137243-154168.html
6,1821703,113733,127181,https://product.koovs.com/127181_4f41c114e8704fdaa287b084473d33a4_image1_super_zoom.jpg,https://product.koovs.com/width/height/127181_4f41c114e8704fdaa287b084473d33a4_image1_super_zoom.jpg,Japanese Text Bamboo Print Shirt,KOOVS,1299,585,55,"[{'href': '/koovs-bamboo-print-shirt-113733-127181.html', 'rel': 'self', 'method': 'GET'}]",['Multi'],['Shirts'],['Casual Shirts'],False,,False,False,False,False,/koovs-bamboo-print-shirt-113733-127181.html,www.koovs.com/koovs-bamboo-print-shirt-113733-127181.html
7,1917017,133233,149507,https://product.koovs.com/149507_512108ee583e47d687a9421152acbb16_image1_super_zoom.jpg,https://product.koovs.com/width/height/149507_512108ee583e47d687a9421152acbb16_image1_super_zoom.jpg,Twin Pocket Casual Shirt,CHELSEA KING,1999,299,85,"[{'href': '/chelsea-king-snap-detail-trim-long-sleeve-shirt-133233-149507.html', 'rel': 'self', 'method': 'GET'}]",['Blue'],['Shirts'],['Casual Shirts'],False,,False,False,False,False,/chelsea-king-snap-detail-trim-long-sleeve-shirt-133233-149507.html,www.koovs.com/chelsea-king-snap-detail-trim-long-sleeve-shirt-133233-149507.html
8,1936532,137277,154205,https://product.koovs.com/154205_8f760cce786a4a9481168c30b6077a80_image1_super_zoom.jpg,https://product.koovs.com/width/height/154205_8f760cce786a4a9481168c30b6077a80_image1_super_zoom.jpg,Cut & Sew Graffiti Sticker Print Shirt,KOOVS,1299,650,50,"[{'href': '/koovs-cut-and-sew-shirt-137277-154205.html', 'rel': 'self', 'method': 'GET'}]",['Multi'],['Shirts'],['Casual Shirts'],False,,False,False,False,False,/koovs-cut-and-sew-shirt-137277-154205.html,www.koovs.com/koovs-cut-and-sew-shirt-137277-154205.html
9,1938683,137710,154692,https://product.koovs.com/154692_b97df7ea0bb84c47bb108aca44f2f4a8_image1_super_zoom.jpg,https://product.koovs.com/width/height/154692_b97df7ea0bb84c47bb108aca44f2f4a8_image1_super_zoom.jpg,Vertical Stripe Cuban Collar Shirt,KOOVS,1299,650,50,"[{'href': '/koovs-vertical-stripe-cuban-shirt-137710-154692.html', 'rel': 'self', 'method': 'GET'}]",['Multi'],['Shirts'],['Casual Shirts'],False,,False,False,False,False,/koovs-vertical-stripe-cuban-shirt-137710-154692.html,www.koovs.com/koovs-vertical-stripe-cuban-shirt-137710-154692.html
10,1936664,137297,154236,https://product.koovs.com/154236_83bb103850d544d2be5d0ed2d7e977d4_image1_super_zoom.jpg,https://product.koovs.com/width/height/154236_83bb103850d544d2be5d0ed2d7e977d4_image1_super_zoom.jpg,Yarn-Dyed Vertical Stripe Cuban Shirt,Garcon,999,500,50,"[{'href': '/garcon-cuban-collar-yarn-dyed-stripe-shirt-137297-154236.html', 'rel': 'self', 'method': 'GET'}]",['Pink'],['Shirts'],['Casual Shirts'],True,Koovs Exclusive,False,False,False,False,/garcon-cuban-collar-yarn-dyed-stripe-shirt-137297-154236.html,www.koovs.com/garcon-cuban-collar-yarn-dyed-stripe-shirt-137297-154236.html
11,1832452,115781,129550,https://product.koovs.com/115781_5a631e44ee6c60980f52ca3f7250f74f.jpg,https://product.koovs.com/width/height/115781_5a631e44ee6c60980f52ca3f7250f74f.jpg,Denim Long Sleeves Shirt,Noble Faith,1799,810,55,"[{'href': '/noble-faith--denim-full-sleeves-shirt-115781-129550.html', 'rel': 'self', 'method': 'GET'}]",['Black'],['Shirts'],['Casual Shirts'],True,Koovs Exclusive,False,False,False,False,/noble-faith--denim-full-sleeves-shirt-115781-129550.html,www.koovs.com/noble-faith--denim-full-sleeves-shirt-115781-129550.html
12,1937405,137445,154412,https://product.koovs.com/154412_1c7190a11b6c4af3bb9ca6b62305b2bc_image1_super_zoom.jpg,https://product.koovs.com/width/height/154412_1c7190a11b6c4af3bb9ca6b62305b2bc_image1_super_zoom.jpg,Vertical Stripe Cuban Collar Shirt,KOOVS,1299,650,50,"[{'href': '/koovs-vertical-stripe-shirt-137445-154412.html', 'rel': 'self', 'method': 'GET'}]",['Multi'],['Shirts'],['Casual Shirts'],False,,False,False,False,False,/koovs-vertical-stripe-shirt-137445-154412.html,www.koovs.com/koovs-vertical-stripe-shirt-137445-154412.html
13,1905744,131044,146878,https://product.koovs.com/131044_4669eabeb002a0175214ae0c3ba6afc0.jpg,https://product.koovs.com/width/height/131044_4669eabeb002a0175214ae0c3ba6afc0.jpg,Graffiti Multi Check Print Shirt,KOOVS,1299,259,80,"[{'href': '/koovs-graffti-print-shirt-131044-146878.html', 'rel': 'self', 'method': 'GET'}]",['Multi'],['Shirts'],['Casual Shirts'],False,,False,False,False,True,/koovs-graffti-print-shirt-131044-146878.html,www.koovs.com/koovs-graffti-print-shirt-131044-146878.html
14,1937970,137569,154536,https://product.koovs.com/154536_294eacb853424281853fa02a46cb6de9_image1_super_zoom.jpg,https://product.koovs.com/width/height/154536_294eacb853424281853fa02a46cb6de9_image1_super_zoom.jpg,Back Text Placement Print Check Shirt,KOOVS,1299,650,50,"[{'href': '/koovs-back-print-check-shirt-137569-154536.html', 'rel': 'self', 'method': 'GET'}]",['Multi'],['Shirts'],['Casual Shirts'],False,,False,False,False,False,/koovs-back-print-check-shirt-137569-154536.html,www.koovs.com/koovs-back-print-check-shirt-137569-154536.html
15,1935754,137153,154056,https://product.koovs.com/154056_91efb19837f44cdb87296e099ff29d1f_image1_super_zoom.jpg,https://product.koovs.com/width/height/154056_91efb19837f44cdb87296e099ff29d1f_image1_super_zoom.jpg,Muscle Fit Short Sleeve Shirt,KOOVS,899,450,50,"[{'href': '/koovs-muscle-fit-short-sleeve-shirt-137153-154056.html', 'rel': 'self', 'method': 'GET'}]",['Blue'],['Shirts'],['Casual Shirts'],False,,False,False,False,True,/koovs-muscle-fit-short-sleeve-shirt-137153-154056.html,www.koovs.com/koovs-muscle-fit-short-sleeve-shirt-137153-154056.html
17,1905724,131040,146874,https://product.koovs.com/131040_51fe545d1067c21eba4ad3a1f938f696.jpg,https://product.koovs.com/width/height/131040_51fe545d1067c21eba4ad3a1f938f696.jpg,Half And Half Check Shirt,KOOVS,1499,299,80,"[{'href': '/koovs-mixed-check-western-shirt-131040-146874.html', 'rel': 'self', 'method': 'GET'}]",['Multi'],['Shirts'],['Casual Shirts'],False,,False,False,False,True,/koovs-mixed-check-western-shirt-131040-146874.html,www.koovs.com/koovs-mixed-check-western-shirt-131040-146874.html
18,1937251,137411,154378,https://product.koovs.com/154378_a00ba979d98848e6a87ec72f6feb66b1_image1_super_zoom.jpg,https://product.koovs.com/width/height/154378_a00ba979d98848e6a87ec72f6feb66b1_image1_super_zoom.jpg,Scribble Print Long Sleeve Shirt,KOOVS,1499,750,50,"[{'href': '/koovs-scribble-print-shirt-137411-154378.html', 'rel': 'self', 'method': 'GET'}]",['Pink'],['Shirts'],['Casual Shirts'],False,,False,False,False,False,/koovs-scribble-print-shirt-137411-154378.html,www.koovs.com/koovs-scribble-print-shirt-137411-154378.html
19,1835494,116359,130291,https://product.koovs.com/116359_1b8784b86413bbf5f296bb70420df019.jpg,https://product.koovs.com/width/height/116359_1b8784b86413bbf5f296bb70420df019.jpg,Linen Blend Slim Shirt,KOOVS,999,999,0,"[{'href': '/koovs-linen-ls-shirt-116359-130291.html', 'rel': 'self', 'method': 'GET'}]",['Pink'],['Shirts'],['Casual Shirts'],False,,False,False,False,False,/koovs-linen-ls-shirt-116359-130291.html,www.koovs.com/koovs-linen-ls-shirt-116359-130291.html
20,310755,76801,84995,https://product.koovs.com/76801_652bdf86bd2e43a3a2862adc56909fde.jpg,https://product.koovs.com/width/height/76801_652bdf86bd2e43a3a2862adc56909fde.jpg,Sleeveless Denim Shirt With Raw Edges,Blue Saint,1299,649,50,"[{'href': '/blue-saint-sleeveless-denim-shirt-with-raw-edges-76801-84995.html', 'rel': 'self', 'method': 'GET'}]",['Blue'],['Shirts'],['Casual Shirts'],False,,False,False,False,False,/blue-saint-sleeveless-denim-shirt-with-raw-edges-76801-84995.html,www.koovs.com/blue-saint-sleeveless-denim-shirt-with-raw-edges-76801-84995.html
21,1938086,133908,154559,https://product.koovs.com/154559_8f1e5d7b51fe47d3926391db7c93efcf_image1_super_zoom.jpg,https://product.koovs.com/width/height/154559_8f1e5d7b51fe47d3926391db7c93efcf_image1_super_zoom.jpg,Floral Print Cuban Collar Shirt,Brave Soul,1699,1699,0,"[{'href': '/bravesoul-floral-aop-shirt-133908-154559.html', 'rel': 'self', 'method': 'GET'}]",['Blue'],['Shirts'],['Casual Shirts'],True,INTERNATIONAL BRAND,False,False,False,False,/bravesoul-floral-aop-shirt-133908-154559.html,www.koovs.com/bravesoul-floral-aop-shirt-133908-154559.html
22,1936310,137238,154164,https://product.koovs.com/154164_b9b19ebaeb004775a809d8d211bf9a9b_image1_super_zoom.jpg,https://product.koovs.com/width/height/154164_b9b19ebaeb004775a809d8d211bf9a9b_image1_super_zoom.jpg,Yarn-Dyed Vertical Stripe Short Sleeve Shirt,Garcon,1299,585,55,"[{'href': '/garcon-yarn-dyed-short-sleeve-shirt-137238-154164.html', 'rel': 'self', 'method': 'GET'}]",['Green'],['Shirts'],['Casual Shirts'],True,Koovs Exclusive,False,False,False,False,/garcon-yarn-dyed-short-sleeve-shirt-137238-154164.html,www.koovs.com/garcon-yarn-dyed-short-sleeve-shirt-137238-154164.html
23,1916969,133221,149495,https://product.koovs.com/149495_645c8beee5db449f92ed97173a89d601_image1_super_zoom.jpg,https://product.koovs.com/width/height/149495_645c8beee5db449f92ed97173a89d601_image1_super_zoom.jpg,Slogan Back Ripped Sleeve Shirt,CHELSEA KING,1999,399,80,"[{'href': '/chelsea-king-slogan-print-long-sleeve-shirt-133221-149495.html', 'rel': 'self', 'method': 'GET'}]",['White'],['Shirts'],['Casual Shirts'],False,,False,False,False,False,/chelsea-king-slogan-print-long-sleeve-shirt-133221-149495.html,www.koovs.com/chelsea-king-slogan-print-long-sleeve-shirt-133221-149495.html
24,1893846,128521,143968,https://product.koovs.com/128521_d2f019cb0711e8e8d94e0791c121c7e1.jpg,https://product.koovs.com/width/height/128521_d2f019cb0711e8e8d94e0791c121c7e1.jpg,Vertical Stripe Cuban Oversized Shirt,Spring Break,999,450,55,"[{'href': '/spring-break-vertical-stripe-cuban-collar-shirt-475-128521-143968.html', 'rel': 'self', 'method': 'GET'}]",['Multi'],['Shirts'],['Casual Shirts'],True,Koovs Exclusive,False,False,False,False,/spring-break-vertical-stripe-cuban-collar-shirt-475-128521-143968.html,www.koovs.com/spring-break-vertical-stripe-cuban-collar-shirt-475-128521-143968.html
25,1880079,125711,140809,https://product.koovs.com/125711_d519de3d8a5da21e301cc7388545db83.jpg,https://product.koovs.com/width/height/125711_d519de3d8a5da21e301cc7388545db83.jpg,Multi-Check Print Long Sleeve Shirt,Disrupt,1599,800,50,"[{'href': '/disrupt-checkered-print-shirt-31-125711-140809.html', 'rel': 'self', 'method': 'GET'}]",['Multi'],['Shirts'],['Casual Shirts'],False,,False,False,False,False,/disrupt-checkered-print-shirt-31-125711-140809.html,www.koovs.com/disrupt-checkered-print-shirt-31-125711-140809.html
26,1821779,113747,127196,https://product.koovs.com/127196_6648632c9d364ea08a43826bcc5f35a8_image1_super_zoom.jpg,https://product.koovs.com/width/height/127196_6648632c9d364ea08a43826bcc5f35a8_image1_super_zoom.jpg,Abstract Camo Check Shirt,KOOVS,1299,585,55,"[{'href': '/koovs-camo-check-printed-viscose-shirt-113747-127196.html', 'rel': 'self', 'method': 'GET'}]",['Multi'],['Shirts'],['Casual Shirts'],False,,False,False,False,False,/koovs-camo-check-printed-viscose-shirt-113747-127196.html,www.koovs.com/koovs-camo-check-printed-viscose-shirt-113747-127196.html
27,1937978,137571,154538,https://product.koovs.com/154538_89451c7c75944e6ea07cffa2497a7fcc_image1_super_zoom.jpg,https://product.koovs.com/width/height/154538_89451c7c75944e6ea07cffa2497a7fcc_image1_super_zoom.jpg,Check Print Cuban Collar Shirt,KOOVS,999,500,50,"[{'href': '/koovs-check-cuban-collar-shirt-137571-154538.html', 'rel': 'self', 'method': 'GET'}]",['Multi'],['Shirts'],['Casual Shirts'],False,,False,False,False,False,/koovs-check-cuban-collar-shirt-137571-154538.html,www.koovs.com/koovs-check-cuban-collar-shirt-137571-154538.html
28,1937982,137572,154539,https://product.koovs.com/154539_663c4b964e1a4676903fc4bdd33a5f13_image1_super_zoom.jpg,https://product.koovs.com/width/height/154539_663c4b964e1a4676903fc4bdd33a5f13_image1_super_zoom.jpg,Vertical Stripe Cuban Collar Shirt,KOOVS,999,500,50,"[{'href': '/koovs-vertical-stripe-cuban-shirt-137572-154539.html', 'rel': 'self', 'method': 'GET'}]",['Multi'],['Shirts'],['Casual Shirts'],False,,False,False,False,False,/koovs-vertical-stripe-cuban-shirt-137572-154539.html,www.koovs.com/koovs-vertical-stripe-cuban-shirt-137572-154539.html
29,1936551,137281,154209,https://product.koovs.com/154209_83be16ffe12d458799735aff654715b1_image1_super_zoom.jpg,https://product.koovs.com/width/height/154209_83be16ffe12d458799735aff654715b1_image1_super_zoom.jpg,Shark Print Short Sleeve Shirt,KOOVS,1299,650,50,"[{'href': '/koovs-shark-print-shirt-137281-154209.html', 'rel': 'self', 'method': 'GET'}]",['Red'],['Shirts'],['Casual Shirts'],False,,False,False,False,False,/koovs-shark-print-shirt-137281-154209.html,www.koovs.com/koovs-shark-print-shirt-137281-154209.html
30,1936564,137283,154211,https://product.koovs.com/154211_91ec6fee21ca468995644359ae6818af_image1_super_zoom.jpg,https://product.koovs.com/width/height/154211_91ec6fee21ca468995644359ae6818af_image1_super_zoom.jpg,Palm Print Cuban Shirt,KOOVS,1299,650,50,"[{'href': '/koovs-all-over-print-shirt-137283-154211.html', 'rel': 'self', 'method': 'GET'}]",['Multi'],['Shirts'],['Casual Shirts'],False,,False,False,False,False,/koovs-all-over-print-shirt-137283-154211.html,www.koovs.com/koovs-all-over-print-shirt-137283-154211.html
32,1913843,132605,148777,https://product.koovs.com/148777_23463b19ae6d4ba7906685f9a514bd64_image1_super_zoom.jpg,https://product.koovs.com/width/height/148777_23463b19ae6d4ba7906685f9a514bd64_image1_super_zoom.jpg,Digital Floral Print Cuban Shirt,KOOVS,1299,585,55,"[{'href': '/koovs-orange-floral-cuban-collar-shirt-132605-148777.html', 'rel': 'self', 'method': 'GET'}]",['Multi'],['Shirts'],['Casual Shirts'],False,,False,False,False,False,/koovs-orange-floral-cuban-collar-shirt-132605-148777.html,www.koovs.com/koovs-orange-floral-cuban-collar-shirt-132605-148777.html
33,1905759,131047,146881,https://product.koovs.com/131047_6de3fa1f18a912b0340f272bcda0e575.jpg,https://product.koovs.com/width/height/131047_6de3fa1f18a912b0340f272bcda0e575.jpg,Multi-Check Text Print Shirt,KOOVS,1299,585,55,"[{'href': '/koovs-check-print-ls-shirt-131047-146881.html', 'rel': 'self', 'method': 'GET'}]",['Multi'],['Shirts'],['Casual Shirts'],False,,False,False,False,False,/koovs-check-print-ls-shirt-131047-146881.html,www.koovs.com/koovs-check-print-ls-shirt-131047-146881.html
34,1904150,130680,146478,https://product.koovs.com/130680_eb8fc8468c356538cff41a33fbcd1d7b.jpg,https://product.koovs.com/width/height/130680_eb8fc8468c356538cff41a33fbcd1d7b.jpg,Oriental Floral Cuban Collar Shirt,Shivan & Narresh X KOOVS,1899,855,55,"[{'href': '/shivan--narresh-x-koovs-summer-night-eyelet-detail-cuban-collar-shirt-130680-146478.html', 'rel': 'self', 'method': 'GET'}]",['Multi'],['Shirts'],['Casual Shirts'],True,Koovs Exclusive,False,False,False,False,/shivan--narresh-x-koovs-summer-night-eyelet-detail-cuban-collar-shirt-130680-146478.html,www.koovs.com/shivan--narresh-x-koovs-summer-night-eyelet-detail-cuban-collar-shirt-130680-146478.html
35,1853446,119981,134451,https://product.koovs.com/119981_8b4331414adda47fbf450d6796008304.jpg,https://product.koovs.com/width/height/119981_8b4331414adda47fbf450d6796008304.jpg,Dot Print Contrast Tape Shirt,KOOVS,1399,630,55,"[{'href': '/koovs-dotty-print-ls-shirt-119981-134451.html', 'rel': 'self', 'method': 'GET'}]",['Multi'],['Shirts'],['Casual Shirts'],False,,False,False,False,False,/koovs-dotty-print-ls-shirt-119981-134451.html,www.koovs.com/koovs-dotty-print-ls-shirt-119981-134451.html
36,366234,88179,98233,https://product.koovs.com/88179_8f9b66ec1499b83c6c1fbccc18ec6571.jpg,https://product.koovs.com/width/height/88179_8f9b66ec1499b83c6c1fbccc18ec6571.jpg,Dipped Hem Patchwork Shirt,Adamo London,1299,650,50,"[{'href': '/longline-patchwork-shirt-88179-98233.html', 'rel': 'self', 'method': 'GET'}]",['White'],['Shirts'],['Casual Shirts'],False,,False,False,False,False,/longline-patchwork-shirt-88179-98233.html,www.koovs.com/longline-patchwork-shirt-88179-98233.html
37,1936569,137284,154212,https://product.koovs.com/154212_c10ca72d7782434ea95d36e200129454_image1_super_zoom.jpg,https://product.koovs.com/width/height/154212_c10ca72d7782434ea95d36e200129454_image1_super_zoom.jpg,Shark Print Short Sleeve Shirt,KOOVS,1299,650,50,"[{'href': '/koovs-shark-print-shirt-137284-154212.html', 'rel': 'self', 'method': 'GET'}]",['Blue'],['Shirts'],['Casual Shirts'],False,,False,False,False,False,/koovs-shark-print-shirt-137284-154212.html,www.koovs.com/koovs-shark-print-shirt-137284-154212.html
38,1935700,137148,154045,https://product.koovs.com/154045_4a12acb4a12048fdbe743322be451ce2_image1_super_zoom.jpg,https://product.koovs.com/width/height/154045_4a12acb4a12048fdbe743322be451ce2_image1_super_zoom.jpg,Long Sleeve Regular Shirt,KOOVS,999,450,55,"[{'href': '/koovs-classic-fit-long--sleeve-shirt-137148-154045.html', 'rel': 'self', 'method': 'GET'}]",['Black'],['Shirts'],['Casual Shirts'],False,,False,False,False,False,/koovs-classic-fit-long--sleeve-shirt-137148-154045.html,www.koovs.com/koovs-classic-fit-long--sleeve-shirt-137148-154045.html
39,1905741,131043,146877,https://product.koovs.com/131043_65824288de9675276619a4594017d5d3.jpg,https://product.koovs.com/width/height/131043_65824288de9675276619a4594017d5d3.jpg,Floral Patchwork Cuban Collar Shirt,KOOVS,1299,585,55,"[{'href': '/koovs-patchwork-scarf-cuban-collar-shirt-131043-146877.html', 'rel': 'self', 'method': 'GET'}]",['Multi'],['Shirts'],['Casual Shirts'],False,,False,False,False,False,/koovs-patchwork-scarf-cuban-collar-shirt-131043-146877.html,www.koovs.com/koovs-patchwork-scarf-cuban-collar-shirt-131043-146877.html
40,1905729,131041,146875,https://product.koovs.com/131041_a650560bd581333338a6a98744ccd17c.jpg,https://product.koovs.com/width/height/131041_a650560bd581333338a6a98744ccd17c.jpg,Multi-Check Strap Detail Longline Shirt,KOOVS,1499,675,55,"[{'href': '/koovs-strap-detail-longline-shirt-122-131041-146875.html', 'rel': 'self', 'method': 'GET'}]",['Multi'],['Shirts'],['Casual Shirts'],False,,False,False,False,False,/koovs-strap-detail-longline-shirt-122-131041-146875.html,www.koovs.com/koovs-strap-detail-longline-shirt-122-131041-146875.html
41,1895381,128866,144369,https://product.koovs.com/128866_0528711ec7a430225b9ea53ea89d5f73.jpg,https://product.koovs.com/width/height/128866_0528711ec7a430225b9ea53ea89d5f73.jpg,Candy Stripe Knitted Slim Shirt,KOOVS,999,450,55,"[{'href': '/koovs-candy-stripe-knitted-ls-shirt-99-128866-144369.html', 'rel': 'self', 'method': 'GET'}]",['Multi'],['Shirts'],['Casual Shirts'],False,,False,False,False,False,/koovs-candy-stripe-knitted-ls-shirt-99-128866-144369.html,www.koovs.com/koovs-candy-stripe-knitted-ls-shirt-99-128866-144369.html
42,1887641,127198,142546,https://product.koovs.com/127198_329b4f561f45f01fd7cfaf424dc40183.jpg,https://product.koovs.com/width/height/127198_329b4f561f45f01fd7cfaf424dc40183.jpg,Multi-Stripe Slim Fit Shirt,KOOVS,999,450,55,"[{'href': '/koovs-ss-vertical-stripe-slim-fit-shirt-127198-142546.html', 'rel': 'self', 'method': 'GET'}]",['Multi'],['Shirts'],['Casual Shirts'],False,,False,False,False,False,/koovs-ss-vertical-stripe-slim-fit-shirt-127198-142546.html,www.koovs.com/koovs-ss-vertical-stripe-slim-fit-shirt-127198-142546.html
43,1880082,125712,140810,https://product.koovs.com/125712_96b928cf8f7d64f05c525bd0e42f7ef4.jpg,https://product.koovs.com/width/height/125712_96b928cf8f7d64f05c525bd0e42f7ef4.jpg,Micro Check Printed Shirt,Disrupt,1599,800,50,"[{'href': '/disrupt-solid-shirt-37-125712-140810.html', 'rel': 'self', 'method': 'GET'}]",['Blue'],['Shirts'],['Casual Shirts'],False,,False,False,False,False,/disrupt-solid-shirt-37-125712-140810.html,www.koovs.com/disrupt-solid-shirt-37-125712-140810.html
44,1879622,125629,140692,https://product.koovs.com/125629_085725cee8af0a62a1a93d97fc7507af.jpg,https://product.koovs.com/width/height/125629_085725cee8af0a62a1a93d97fc7507af.jpg,Contrast Side Tape Shirt,TRUE RUG,1199,600,50,"[{'href': '/tape-solid-shirt-125629-140692.html', 'rel': 'self', 'method': 'GET'}]",['Black'],['Shirts'],['Casual Shirts'],True,Koovs Exclusive,False,False,False,False,/tape-solid-shirt-125629-140692.html,www.koovs.com/tape-solid-shirt-125629-140692.html
45,1875437,124712,139652,https://product.koovs.com/124712_ac6c995fa68c5470ead0d83ba7fa3777.jpg,https://product.koovs.com/width/height/124712_ac6c995fa68c5470ead0d83ba7fa3777.jpg,Self-Design Long Sleeve Shirt,Lee Cooper,1799,900,50,"[{'href': '/full-sleeves-shirt-241-124712-139652.html', 'rel': 'self', 'method': 'GET'}]",['White'],['Shirts'],['Casual Shirts'],False,,False,False,False,False,/full-sleeves-shirt-241-124712-139652.html,www.koovs.com/full-sleeves-shirt-241-124712-139652.html
46,1866999,122944,137719,https://product.koovs.com/122944_44a4d918846d5ad1dc61c24fe164b8bd.jpg,https://product.koovs.com/width/height/122944_44a4d918846d5ad1dc61c24fe164b8bd.jpg,Basic Slim Fit Shirt,SCULLERS,1999,1000,50,"[{'href': '/scullers-full-sleeves-solid-shirt-167-122944-137719.html', 'rel': 'self', 'method': 'GET'}]",['White'],['Shirts'],['Casual Shirts'],False,,False,False,False,False,/scullers-full-sleeves-solid-shirt-167-122944-137719.html,www.koovs.com/scullers-full-sleeves-solid-shirt-167-122944-137719.html
47,1825376,114492,127978,https://product.koovs.com/114492_2aab1a629afcea877e85b2a3edc05a93.jpg,https://product.koovs.com/width/height/114492_2aab1a629afcea877e85b2a3edc05a93.jpg,Ombre Check Asymmetric Casual Shirt,KOOVS,1299,649,50,"[{'href': '/koovs-ombre-check-grandad-shirt-114492-127978.html', 'rel': 'self', 'method': 'GET'}]",['Multi'],['Shirts'],['Casual Shirts'],False,,False,False,False,False,/koovs-ombre-check-grandad-shirt-114492-127978.html,www.koovs.com/koovs-ombre-check-grandad-shirt-114492-127978.html
48,1799260,109061,121804,https://product.koovs.com/109061_495ca293f7a892c126276626f1ca225c.jpg,https://product.koovs.com/width/height/109061_495ca293f7a892c126276626f1ca225c.jpg,Short Sleeve Poplin Shirt,KOOVS,699,350,50,"[{'href': '/koovs-stretch-poplin-hs-shirts-109061-121804.html', 'rel': 'self', 'method': 'GET'}]",['Black'],['Shirts'],['Casual Shirts'],False,,False,False,False,False,/koovs-stretch-poplin-hs-shirts-109061-121804.html,www.koovs.com/koovs-stretch-poplin-hs-shirts-109061-121804.html
49,1921284,134149,150577,https://product.koovs.com/150577_58395740888a47f0a8568206b2a6d583_image1_super_zoom.jpg,https://product.koovs.com/width/height/150577_58395740888a47f0a8568206b2a6d583_image1_super_zoom.jpg,Jewel Chain Print Shirt,KOOVS,1499,675,55,"[{'href': '/koovs-jewels-and-chains-printed-ls-shirt-134149-150577.html', 'rel': 'self', 'method': 'GET'}]",['Multi'],['Shirts'],['Casual Shirts'],False,,False,False,False,False,/koovs-jewels-and-chains-printed-ls-shirt-134149-150577.html,www.koovs.com/koovs-jewels-and-chains-printed-ls-shirt-134149-150577.html
50,1898868,129604,145211,https://product.koovs.com/129604_5631557a76dd7ba166e009fc213702e7.jpg,https://product.koovs.com/width/height/129604_5631557a76dd7ba166e009fc213702e7.jpg,Linen Blend Short Sleeve Shirt,Giordano,2299,2299,0,"[{'href': '/giordano-men-hs-linen-blend-shirts-129604-145211.html', 'rel': 'self', 'method': 'GET'}]",['White'],['Shirts'],['Casual Shirts'],False,,False,False,False,False,/giordano-men-hs-linen-blend-shirts-129604-145211.html,www.koovs.com/giordano-men-hs-linen-blend-shirts-129604-145211.html
51,1897511,129286,144877,https://product.koovs.com/129286_f6d5e86f36f3b85e67c0d112fdcfdd84.jpg,https://product.koovs.com/width/height/129286_f6d5e86f36f3b85e67c0d112fdcfdd84.jpg,Contrast Stripe Denim Shirt,TRUE RUG,1299,650,50,"[{'href': '/true-rug-washed-denim-shirt-422-129286-144877.html', 'rel': 'self', 'method': 'GET'}]",['Black'],['Shirts'],['Casual Shirts'],True,Koovs Exclusive,False,False,False,False,/true-rug-washed-denim-shirt-422-129286-144877.html,www.koovs.com/true-rug-washed-denim-shirt-422-129286-144877.html
52,1880051,125704,140802,https://product.koovs.com/125704_d2dfa56044bf24a60096df024d2fe365.jpg,https://product.koovs.com/width/height/125704_d2dfa56044bf24a60096df024d2fe365.jpg,Overdyed Front Pocket Casual Shirt,Disrupt,1799,900,50,"[{'href': '/disrupt-front-pocket-design-shirt-125704-140802.html', 'rel': 'self', 'method': 'GET'}]",['Brown'],['Shirts'],['Casual Shirts'],False,,False,False,False,False,/disrupt-front-pocket-design-shirt-125704-140802.html,www.koovs.com/disrupt-front-pocket-design-shirt-125704-140802.html
53,1878143,125261,140281,https://product.koovs.com/125261_b2dbe0ad5cb383226688745bc488e270.jpg,https://product.koovs.com/width/height/125261_b2dbe0ad5cb383226688745bc488e270.jpg,Abstract Geometric Print Cuban Shirt,KOOVS,1299,585,55,"[{'href': '/koovs-abstract-print-cuban-collar-shirt-125261-140281.html', 'rel': 'self', 'method': 'GET'}]",['Multi'],['Shirts'],['Casual Shirts'],False,,False,False,False,False,/koovs-abstract-print-cuban-collar-shirt-125261-140281.html,www.koovs.com/koovs-abstract-print-cuban-collar-shirt-125261-140281.html
54,1866975,122938,137713,https://product.koovs.com/122938_fc59f6d1b25c6a009be18d6d043e7a2f.jpg,https://product.koovs.com/width/height/122938_fc59f6d1b25c6a009be18d6d043e7a2f.jpg,Multi-Check Slim Oxford Shirt,SCULLERS,1899,855,55,"[{'href': '/scullers-full-sleeves-checkered-shirt-104-212-122938-137713.html', 'rel': 'self', 'method': 'GET'}]",['Yellow'],['Shirts'],['Casual Shirts'],False,,False,False,False,False,/scullers-full-sleeves-checkered-shirt-104-212-122938-137713.html,www.koovs.com/scullers-full-sleeves-checkered-shirt-104-212-122938-137713.html
55,1863102,122075,136742,https://product.koovs.com/122075_17f7b953fbae0de5b4bd59368396b91c.jpg,https://product.koovs.com/width/height/122075_17f7b953fbae0de5b4bd59368396b91c.jpg,All Over Print Casual Shirt,Celio,2499,2499,0,"[{'href': '/celio-aop-shirt-122075-136742.html', 'rel': 'self', 'method': 'GET'}]",['Black'],['Shirts'],['Casual Shirts'],False,,True,False,False,False,/celio-aop-shirt-122075-136742.html,www.koovs.com/celio-aop-shirt-122075-136742.html
56,1827672,114929,128495,https://product.koovs.com/114929_12c6ffaa271df5810dd409793bc298df.jpg,https://product.koovs.com/width/height/114929_12c6ffaa271df5810dd409793bc298df.jpg,Regular Shirt With Contrast Snap Button,Indigo Nation,1799,900,50,"[{'href': '/indigo-nation-regular-shirt-37-114929-128495.html', 'rel': 'self', 'method': 'GET'}]",['Black'],['Shirts'],['Casual Shirts'],False,,False,False,False,False,/indigo-nation-regular-shirt-37-114929-128495.html,www.koovs.com/indigo-nation-regular-shirt-37-114929-128495.html
57,1905765,131048,146882,https://product.koovs.com/131048_cf3fa67e57780a370717398f36a0ce95.jpg,https://product.koovs.com/width/height/131048_cf3fa67e57780a370717398f36a0ce95.jpg,Multi-Check Text Print Shirt,KOOVS,1299,585,55,"[{'href': '/koovs-typecheck-print-longline-shirt-131048-146882.html', 'rel': 'self', 'method': 'GET'}]",['Multi'],['Shirts'],['Casual Shirts'],False,,False,False,False,False,/koovs-typecheck-print-longline-shirt-131048-146882.html,www.koovs.com/koovs-typecheck-print-longline-shirt-131048-146882.html
58,1899026,129613,145220,https://product.koovs.com/129613_e42dd8138a0ec13d1c114fb75756aa07.jpg,https://product.koovs.com/width/height/129613_e42dd8138a0ec13d1c114fb75756aa07.jpg,Basic Oxford Long Sleeve Shirt,Giordano,2299,2299,0,"[{'href': '/giordano-men-fs-stretch-oxford-shirt-shirts-129613-145220.html', 'rel': 'self', 'method': 'GET'}]",['Blue'],['Shirts'],['Casual Shirts'],False,,False,False,False,False,/giordano-men-fs-stretch-oxford-shirt-shirts-129613-145220.html,www.koovs.com/giordano-men-fs-stretch-oxford-shirt-shirts-129613-145220.html
59,1895377,128865,144368,https://product.koovs.com/128865_bf68bee384921e8698c5b1ed3dd51877.jpg,https://product.koovs.com/width/height/128865_bf68bee384921e8698c5b1ed3dd51877.jpg,Candy Stripe Knitted Long Sleeve Shirt,KOOVS,999,450,55,"[{'href': '/koovs-candy-stripe-knitted-ls-shirt-117-128865-144368.html', 'rel': 'self', 'method': 'GET'}]",['Multi'],['Shirts'],['Casual Shirts'],False,,False,False,False,False,/koovs-candy-stripe-knitted-ls-shirt-117-128865-144368.html,www.koovs.com/koovs-candy-stripe-knitted-ls-shirt-117-128865-144368.html
60,1884185,126501,141703,https://product.koovs.com/126501_cbf74fb010fbcfb845d11ade6335a20b.jpg,https://product.koovs.com/width/height/126501_cbf74fb010fbcfb845d11ade6335a20b.jpg,Micro Check Hashtag Patch Shirt,KOOVS,1199,599,50,"[{'href': '/koovs-hastag-half-zip-shirt-126501-141703.html', 'rel': 'self', 'method': 'GET'}]",['Blue'],['Shirts'],['Casual Shirts'],False,,False,False,False,False,/koovs-hastag-half-zip-shirt-126501-141703.html,www.koovs.com/koovs-hastag-half-zip-shirt-126501-141703.html
61,1878149,125262,140282,https://product.koovs.com/140282_79729b336bb04e47ae1d978cd6443019_image1_super_zoom.jpg,https://product.koovs.com/width/height/140282_79729b336bb04e47ae1d978cd6443019_image1_super_zoom.jpg,Back Print Longline Checked Shirt,KOOVS,1499,675,55,"[{'href': '/koovs-zip-up-longline-shirt-125262-140282.html', 'rel': 'self', 'method': 'GET'}]",['Multi'],['Shirts'],['Casual Shirts'],False,,False,False,False,False,/koovs-zip-up-longline-shirt-125262-140282.html,www.koovs.com/koovs-zip-up-longline-shirt-125262-140282.html
62,1864579,122415,137130,https://product.koovs.com/122415_ad9efd2c70195a7b7358bd7875aee2c1.jpg,https://product.koovs.com/width/height/122415_ad9efd2c70195a7b7358bd7875aee2c1.jpg,Seahorse Print Cuban Collar Shirt,KOOVS,1199,600,50,"[{'href': '/koovs-seahorse-cuban-shirt-122415-137130.html', 'rel': 'self', 'method': 'GET'}]",['Multi'],['Shirts'],['Casual Shirts'],False,,False,False,False,False,/koovs-seahorse-cuban-shirt-122415-137130.html,www.koovs.com/koovs-seahorse-cuban-shirt-122415-137130.html
63,1835429,116354,130278,https://product.koovs.com/116354_77dd178035657cd070f48f3676fdf1d7.jpg,https://product.koovs.com/width/height/116354_77dd178035657cd070f48f3676fdf1d7.jpg,Micro Check Side Tape Shirt,KOOVS,999,450,55,"[{'href': '/koovs-mini-house-check-shirt-116354-130278.html', 'rel': 'self', 'method': 'GET'}]",['Multi'],['Shirts'],['Casual Shirts'],False,,False,False,False,False,/koovs-mini-house-check-shirt-116354-130278.html,www.koovs.com/koovs-mini-house-check-shirt-116354-130278.html
64,1832464,115784,129553,https://product.koovs.com/115784_a8ade47b843c6a6154b85c3684406228.jpg,https://product.koovs.com/width/height/115784_a8ade47b843c6a6154b85c3684406228.jpg,Grindle Back Slit Shirt,Noble Faith,1699,765,55,"[{'href': '/noble-faith--grindle-back-slit-shirt-115784-129553.html', 'rel': 'self', 'method': 'GET'}]",['Grey'],['Shirts'],['Casual Shirts'],True,Koovs Exclusive,False,False,False,False,/noble-faith--grindle-back-slit-shirt-115784-129553.html,www.koovs.com/noble-faith--grindle-back-slit-shirt-115784-129553.html
65,1828609,115099,128724,https://product.koovs.com/115099_49745ebb7054995d7276e69ee7c3a8d0.jpg,https://product.koovs.com/width/height/115099_49745ebb7054995d7276e69ee7c3a8d0.jpg,Ikkat Print Oversized Shirt,KUNAL RAWAL X KOOVS,2199,990,55,"[{'href': '/kunal-rawal-x-koovs-marigold-print-washed-oversized-shacket-115099-128724.html', 'rel': 'self', 'method': 'GET'}]",['Black'],['Shirts'],['Casual Shirts'],True,Koovs Exclusive,False,False,False,False,/kunal-rawal-x-koovs-marigold-print-washed-oversized-shacket-115099-128724.html,www.koovs.com/kunal-rawal-x-koovs-marigold-print-washed-oversized-shacket-115099-128724.html
66,316590,78057,86455,https://product.koovs.com/78057_e9de99a1ef0145995e8292363f5bbb56.jpg,https://product.koovs.com/width/height/78057_e9de99a1ef0145995e8292363f5bbb56.jpg,Denim Shirt With Printed Bow,Adamo London,1699,1699,0,"[{'href': '/adamo-denim-shirt-with-striped-bow-78057-86455.html', 'rel': 'self', 'method': 'GET'}]",['Blue'],['Shirts'],['Casual Shirts'],False,,False,False,False,False,/adamo-denim-shirt-with-striped-bow-78057-86455.html,www.koovs.com/adamo-denim-shirt-with-striped-bow-78057-86455.html
67,1797164,108703,121371,https://product.koovs.com/108703_93edc4c3d2635f4b5885c3a5af0bdaa8.jpg,https://product.koovs.com/width/height/108703_93edc4c3d2635f4b5885c3a5af0bdaa8.jpg,Slogan Print Grandad Collar Shirt,KOOVS,1399,630,55,"[{'href': '/koovs-printed-yd-check-grandad-shirt-108703-121371.html', 'rel': 'self', 'method': 'GET'}]",['Multi'],['Shirts'],['Casual Shirts'],False,,False,False,False,False,/koovs-printed-yd-check-grandad-shirt-108703-121371.html,www.koovs.com/koovs-printed-yd-check-grandad-shirt-108703-121371.html
